latitude,longitude,acq_date,acq_time,confidence,brightness,frp,satellite,daynight,source,fire_id
-8.30917,-74.47679,2024-08-14,1807,n,344.96,11.84,N,D,VIIRS_SNPP_SP,FIRMS-UCY-2024-0001
-8.39236,-74.63337,2024-08-15,1748,n,354.68,5.31,N,D,VIIRS_SNPP_SP,FIRMS-UCY-2024-0002
-8.39061,-74.63332,2024-08-15,1748,n,349.67,5.6,N,D,VIIRS_SNPP_SP,FIRMS-UCY-2024-0003
-8.3041,-74.64651,2024-08-15,1748,n,334.89,2.38,N,D,VIIRS_SNPP_SP,FIRMS-UCY-2024-0004
-8.30385,-74.54549,2024-08-15,1748,n,331.77,2.78,N,D,VIIRS_SNPP_SP,FIRMS-UCY-2024-0005
-8.35466,-74.60667,2024-08-16,633,n,310.77,0.95,N,N,VIIRS_SNPP_SP,FIRMS-UCY-2024-0006
-8.44424,-74.58979,2024-08-17,615,n,302.72,0.58,N,N,VIIRS_SNPP_SP,FIRMS-UCY-2024-0007
-8.38459,-74.64169,2024-08-17,615,n,346.22,3.53,N,N,VIIRS_SNPP_SP,FIRMS-UCY-2024-0008
-8.38403,-74.64523,2024-08-17,615,n,304.91,3.53,N,N,VIIRS_SNPP_SP,FIRMS-UCY-2024-0009
-8.38125,-74.64115,2024-08-17,615,n,310.61,3.53,N,N,VIIRS_SNPP_SP,FIRMS-UCY-2024-0010
-8.44252,-74.53616,2024-08-18,1832,n,334.38,4.78,N,D,VIIRS_SNPP_SP,FIRMS-UCY-2024-0011
-8.43972,-74.54025,2024-08-18,1832,n,337.19,11.97,N,D,VIIRS_SNPP_SP,FIRMS-UCY-2024-0012
-8.41304,-74.53401,2024-08-18,1832,n,342.83,15.91,N,D,VIIRS_SNPP_SP,FIRMS-UCY-2024-0013
-8.40968,-74.53454,2024-08-18,1832,n,341.54,15.91,N,D,VIIRS_SNPP_SP,FIRMS-UCY-2024-0014
-8.40913,-74.53095,2024-08-18,1832,n,346.96,15.91,N,D,VIIRS_SNPP_SP,FIRMS-UCY-2024-0015
-8.35007,-74.63873,2024-08-18,1832,n,344.67,15.86,N,D,VIIRS_SNPP_SP,FIRMS-UCY-2024-0016
-8.34952,-74.63518,2024-08-18,1832,n,349.08,15.86,N,D,VIIRS_SNPP_SP,FIRMS-UCY-2024-0017
-8.3486,-74.54037,2024-08-18,1832,n,342.49,8.47,N,D,VIIRS_SNPP_SP,FIRMS-UCY-2024-0018
-8.34727,-74.64282,2024-08-18,1832,n,337.42,7.03,N,D,VIIRS_SNPP_SP,FIRMS-UCY-2024-0019
-8.34672,-74.63925,2024-08-18,1832,h,367.0,25.63,N,D,VIIRS_SNPP_SP,FIRMS-UCY-2024-0020
-8.34524,-74.54089,2024-08-18,1832,n,335.12,4.2,N,D,VIIRS_SNPP_SP,FIRMS-UCY-2024-0021
