latitude,longitude,bright_ti4,scan,track,acq_date,acq_time,satellite,instrument,confidence,version,bright_ti5,frp,daynight
-0.3905,-78.68274,304.54,0.42,0.61,2026-09-14,612,N,VIIRS,n,2.0NRT,270.46,1.85,N
-10.14233,-76.21696,297.8,0.4,0.44,2026-09-14,614,N,VIIRS,n,2.0NRT,284.9,0.64,N
-10.06444,-76.2615,318.37,0.4,0.45,2026-09-14,614,N,VIIRS,n,2.0NRT,284.56,2.09,N
-10.06375,-76.26551,296.58,0.41,0.45,2026-09-14,614,N,VIIRS,n,2.0NRT,283.91,1.24,N
-9.3191,-77.5295,302.1,0.5,0.49,2026-09-14,614,N,VIIRS,n,2.0NRT,278.21,1.24,N
-9.26329,-77.63335,305.19,0.51,0.49,2026-09-14,614,N,VIIRS,n,2.0NRT,279.56,2.39,N
-9.26238,-77.63846,315.48,0.51,0.49,2026-09-14,614,N,VIIRS,n,2.0NRT,279.96,2.39,N
-9.17658,-78.30783,319.09,0.57,0.52,2026-09-14,614,N,VIIRS,n,2.0NRT,287.32,2.6,N
-8.42367,-77.33913,302.24,0.5,0.49,2026-09-14,614,N,VIIRS,n,2.0NRT,284.88,1.15,N
-8.42259,-77.34517,298.1,0.5,0.49,2026-09-14,614,N,VIIRS,n,2.0NRT,285.43,1.15,N
-7.8965,-79.14587,311.39,0.34,0.56,2026-09-14,614,N,VIIRS,n,2.0NRT,287.03,2.27,N
-7.61568,-78.25864,315.73,0.6,0.53,2026-09-14,614,N,VIIRS,n,2.0NRT,280.85,2.74,N
-7.61412,-78.258,312.47,0.6,0.53,2026-09-14,614,N,VIIRS,n,2.0NRT,281.24,3.37,N
-7.61323,-78.26315,311.82,0.6,0.53,2026-09-14,614,N,VIIRS,n,2.0NRT,283.19,3.37,N
-16.2965,-69.15186,301.29,0.46,0.39,2026-09-14,616,N,VIIRS,n,2.0NRT,270.67,1.19,N
-16.29292,-69.15109,297.08,0.46,0.39,2026-09-14,616,N,VIIRS,n,2.0NRT,271.01,1.19,N
-16.25599,-71.68481,301.36,0.39,0.36,2026-09-14,616,N,VIIRS,n,2.0NRT,285.36,0.88,N
-15.78617,-71.85693,309.09,0.39,0.36,2026-09-14,616,N,VIIRS,n,2.0NRT,269.19,1.12,N
-14.72316,-70.79516,318.61,0.39,0.37,2026-09-14,616,N,VIIRS,n,2.0NRT,274.4,2.07,N
-14.72259,-70.7989,332.38,0.39,0.37,2026-09-14,616,N,VIIRS,n,2.0NRT,275.52,6.9,N
-14.7198,-70.79465,301.78,0.39,0.37,2026-09-14,616,N,VIIRS,n,2.0NRT,274.31,2.07,N
-14.15903,-72.0722,323.62,0.38,0.36,2026-09-14,616,N,VIIRS,n,2.0NRT,282.55,2.5,N
-14.15847,-72.07577,321.32,0.38,0.36,2026-09-14,616,N,VIIRS,n,2.0NRT,283.2,2.5,N
-14.02763,-75.16335,297.97,0.47,0.39,2026-09-14,616,N,VIIRS,n,2.0NRT,277.73,1.59,N
-14.02691,-75.16748,326.2,0.47,0.39,2026-09-14,616,N,VIIRS,n,2.0NRT,279.28,4.38,N
-14.02407,-75.16231,324.38,0.47,0.39,2026-09-14,616,N,VIIRS,n,2.0NRT,281.03,5.64,N
-14.02336,-75.16637,328.3,0.47,0.39,2026-09-14,616,N,VIIRS,n,2.0NRT,284.82,9.8,N
-16.59674,-69.00185,344.23,0.44,0.46,2026-09-14,1847,N,VIIRS,n,2.0NRT,308.78,6.24,D
-16.59535,-69.01798,333.81,0.44,0.46,2026-09-14,1847,N,VIIRS,l,2.0NRT,305.77,7.55,D
-16.59037,-68.94431,339.32,0.45,0.47,2026-09-14,1847,N,VIIRS,n,2.0NRT,306.41,3.2,D
-16.58599,-69.01517,340.74,0.44,0.46,2026-09-14,1847,N,VIIRS,n,2.0NRT,309.92,9.24,D
-16.42413,-70.86005,336.54,0.52,0.42,2026-09-14,1847,N,VIIRS,l,2.0NRT,310.96,10.33,D
-16.29844,-69.14938,331.57,0.44,0.46,2026-09-14,1847,N,VIIRS,l,2.0NRT,304.67,1.44,D
-15.8663,-68.91284,344.46,0.46,0.47,2026-09-14,1847,N,VIIRS,n,2.0NRT,309.6,9.93,D
-15.79974,-70.03762,335.15,0.4,0.44,2026-09-14,1847,N,VIIRS,l,2.0NRT,309.65,5.97,D
-15.65201,-71.70181,338.89,0.48,0.4,2026-09-14,1847,N,VIIRS,l,2.0NRT,310.55,5.92,D
-15.65088,-71.70332,341.94,0.48,0.4,2026-09-14,1847,N,VIIRS,n,2.0NRT,311.8,4.66,D
-15.61421,-69.88001,343.45,0.41,0.45,2026-09-14,1847,N,VIIRS,n,2.0NRT,304.45,6.44,D
-15.48032,-70.41741,346.38,0.57,0.43,2026-09-14,1847,N,VIIRS,n,2.0NRT,314.57,15.34,D
-15.34169,-69.85629,353.07,0.41,0.45,2026-09-14,1847,N,VIIRS,n,2.0NRT,302.98,18.81,D
-15.34099,-69.85245,341.69,0.41,0.45,2026-09-14,1847,N,VIIRS,n,2.0NRT,303.39,12.98,D
-15.32992,-69.05901,340.39,0.46,0.47,2026-09-14,1847,N,VIIRS,n,2.0NRT,301.1,6.93,D
-15.32759,-69.23891,344.76,0.45,0.47,2026-09-14,1847,N,VIIRS,n,2.0NRT,312.27,9.56,D
-15.32571,-69.23891,343.93,0.45,0.47,2026-09-14,1847,N,VIIRS,l,2.0NRT,314.28,22.39,D
-15.32328,-69.2396,344.38,0.45,0.47,2026-09-14,1847,N,VIIRS,n,2.0NRT,310.02,9.56,D
-15.32271,-69.77599,339.52,0.42,0.45,2026-09-14,1847,N,VIIRS,n,2.0NRT,305.94,5.65,D
-15.24037,-69.25803,343.26,0.45,0.47,2026-09-14,1847,N,VIIRS,n,2.0NRT,306.54,3.82,D
-14.96187,-69.51735,342.04,0.44,0.46,2026-09-14,1847,N,VIIRS,n,2.0NRT,300.01,4.22,D
-14.16383,-72.07492,336.73,0.48,0.4,2026-09-14,1847,N,VIIRS,n,2.0NRT,300.11,11.23,D
-14.16075,-72.07917,346.88,0.48,0.4,2026-09-14,1847,N,VIIRS,n,2.0NRT,306.41,7.39,D
-14.15935,-72.0708,355.85,0.48,0.4,2026-09-14,1847,N,VIIRS,n,2.0NRT,316.35,14.69,D
-14.15701,-72.07951,341.81,0.48,0.4,2026-09-14,1847,N,VIIRS,n,2.0NRT,300.56,7.39,D
-14.15625,-72.07497,350.4,0.48,0.4,2026-09-14,1847,N,VIIRS,n,2.0NRT,304.56,14.69,D
-14.1555,-72.07053,350.52,0.48,0.4,2026-09-14,1847,N,VIIRS,n,2.0NRT,306.13,14.69,D
-13.65167,-71.44849,332.68,0.53,0.42,2026-09-14,1847,N,VIIRS,n,2.0NRT,302.45,5.95,D
-13.64886,-71.44619,334.05,0.53,0.42,2026-09-14,1847,N,VIIRS,n,2.0NRT,304.5,3.98,D
-13.8684,-76.00715,339.96,0.38,0.36,2026-09-14,1849,N,VIIRS,n,2.0NRT,309.82,3.85,D
-13.78533,-76.17075,337.95,0.38,0.36,2026-09-14,1849,N,VIIRS,l,2.0NRT,308.07,4.78,D
-13.70972,-76.00399,340.18,0.38,0.36,2026-09-14,1849,N,VIIRS,n,2.0NRT,308.1,2.57,D
-13.7064,-76.00452,348,0.38,0.36,2026-09-14,1849,N,VIIRS,n,2.0NRT,309.03,4.66,D
-13.70585,-76.00095,333.01,0.38,0.36,2026-09-14,1849,N,VIIRS,l,2.0NRT,307.19,2.43,D
-13.55046,-76.09194,345.88,0.38,0.36,2026-09-14,1849,N,VIIRS,n,2.0NRT,308.71,4.01,D
-13.44447,-76.17474,335.64,0.38,0.36,2026-09-14,1849,N,VIIRS,n,2.0NRT,305.03,4.9,D
-13.20567,-75.58215,352.4,0.39,0.36,2026-09-14,1849,N,VIIRS,n,2.0NRT,309.89,16.52,D
-12.99995,-74.59769,339.93,0.4,0.37,2026-09-14,1849,N,VIIRS,n,2.0NRT,303.5,6.25,D
-12.61882,-70.017,331.64,0.45,0.47,2026-09-14,1849,N,VIIRS,n,2.0NRT,290.7,1.95,D
-12.5546,-69.12881,346.55,0.51,0.49,2026-09-14,1849,N,VIIRS,n,2.0NRT,294.78,11.58,D
-12.53867,-69.24759,332.77,0.5,0.49,2026-09-14,1849,N,VIIRS,n,2.0NRT,291.86,4.32,D
-12.40185,-74.85403,335.89,0.4,0.37,2026-09-14,1849,N,VIIRS,l,2.0NRT,307.5,2.58,D
-12.28486,-75.09333,332.01,0.39,0.36,2026-09-14,1849,N,VIIRS,l,2.0NRT,305.9,1.75,D
-12.16008,-75.18315,340.42,0.39,0.36,2026-09-14,1849,N,VIIRS,l,2.0NRT,311.25,4.94,D
-12.12827,-76.24416,330.12,0.38,0.36,2026-09-14,1849,N,VIIRS,l,2.0NRT,302.35,2.99,D
-12.12656,-76.25521,346.44,0.38,0.36,2026-09-14,1849,N,VIIRS,n,2.0NRT,302.86,4.77,D
-12.11994,-76.25626,337.17,0.38,0.36,2026-09-14,1849,N,VIIRS,n,2.0NRT,300.13,4.76,D
-12.11941,-76.25275,343.15,0.38,0.36,2026-09-14,1849,N,VIIRS,n,2.0NRT,314.29,31.34,D
-12.11887,-76.24924,334.08,0.38,0.36,2026-09-14,1849,N,VIIRS,n,2.0NRT,297.97,31.34,D
-12.11717,-76.26028,333.78,0.38,0.36,2026-09-14,1849,N,VIIRS,n,2.0NRT,300.44,4.66,D
-12.11663,-76.25677,351.66,0.38,0.36,2026-09-14,1849,N,VIIRS,n,2.0NRT,293.81,4.66,D
-11.98368,-75.32971,346.95,0.39,0.36,2026-09-14,1849,N,VIIRS,n,2.0NRT,309.35,1.99,D
-11.8108,-75.71928,343.09,0.39,0.36,2026-09-14,1849,N,VIIRS,n,2.0NRT,306.18,3,D
-11.70714,-74.24218,341.21,0.42,0.37,2026-09-14,1849,N,VIIRS,n,2.0NRT,295.85,9.92,D
-11.68951,-74.26466,336.95,0.42,0.37,2026-09-14,1849,N,VIIRS,n,2.0NRT,295.7,6.13,D
-11.32703,-69.38144,335.94,0.51,0.5,2026-09-14,1849,N,VIIRS,n,2.0NRT,290.89,4.92,D
-11.27619,-76.68398,336.69,0.38,0.36,2026-09-14,1849,N,VIIRS,l,2.0NRT,310.4,4.13,D
-11.27288,-76.68453,343.43,0.38,0.36,2026-09-14,1849,N,VIIRS,n,2.0NRT,311.65,4.13,D
-10.90245,-76.6692,339.15,0.38,0.36,2026-09-14,1849,N,VIIRS,n,2.0NRT,306.62,49.55,D
-10.89915,-76.66973,367,0.38,0.36,2026-09-14,1849,N,VIIRS,l,2.0NRT,336.48,49.55,D
-10.89585,-76.67027,347.97,0.38,0.36,2026-09-14,1849,N,VIIRS,n,2.0NRT,307.87,6.87,D
-10.83515,-76.78372,344.2,0.38,0.36,2026-09-14,1849,N,VIIRS,n,2.0NRT,305.5,5.34,D
-10.82666,-73.29274,335.42,0.46,0.39,2026-09-14,1849,N,VIIRS,n,2.0NRT,289.65,6.07,D
-10.82599,-73.28898,335.81,0.46,0.39,2026-09-14,1849,N,VIIRS,n,2.0NRT,290.42,8.52,D
-10.82598,-73.28852,331.69,0.46,0.39,2026-09-14,1849,N,VIIRS,n,2.0NRT,288.87,6.49,D
-10.26367,-77.49344,348,0.39,0.36,2026-09-14,1849,N,VIIRS,n,2.0NRT,309.19,16.8,D
-9.05641,-78.60075,334.9,0.41,0.37,2026-09-14,1849,N,VIIRS,n,2.0NRT,304.85,3.75,D
-5.12759,-80.14806,335.21,0.43,0.38,2026-09-14,1851,N,VIIRS,n,2.0NRT,296.09,3.45,D
-4.38498,-80.31207,337.81,0.43,0.38,2026-09-14,1851,N,VIIRS,n,2.0NRT,294.51,6.09,D
-4.09409,-80.36475,337.9,0.43,0.38,2026-09-14,1851,N,VIIRS,n,2.0NRT,290.96,5.19,D
-4.08387,-80.25003,343.89,0.42,0.38,2026-09-14,1851,N,VIIRS,n,2.0NRT,293.78,8.01,D
-2.14251,-79.75272,332.25,0.4,0.37,2026-09-14,1851,N,VIIRS,n,2.0NRT,290.47,3.53,D
-1.97551,-79.80436,337.3,0.4,0.37,2026-09-14,1851,N,VIIRS,n,2.0NRT,292.6,5.03,D
-1.95395,-78.84613,331.56,0.38,0.36,2026-09-14,1851,N,VIIRS,n,2.0NRT,287.82,4.83,D
-1.95343,-78.84272,342.99,0.38,0.36,2026-09-14,1851,N,VIIRS,n,2.0NRT,290.2,4.83,D
-1.89551,-78.86201,336.96,0.38,0.36,2026-09-14,1851,N,VIIRS,n,2.0NRT,296.51,4.92,D
-1.89498,-78.85855,330.49,0.38,0.36,2026-09-14,1851,N,VIIRS,n,2.0NRT,293.77,4.92,D
-1.56807,-78.90982,346.47,0.38,0.36,2026-09-14,1851,N,VIIRS,n,2.0NRT,292,8.5,D
-0.34605,-78.45611,336.54,0.39,0.36,2026-09-14,1851,N,VIIRS,n,2.0NRT,303.85,5.61,D
-0.05561,-78.26097,335.72,0.39,0.36,2026-09-14,1851,N,VIIRS,n,2.0NRT,304.8,35.54,D
-0.0528,-78.26485,335.5,0.39,0.36,2026-09-14,1851,N,VIIRS,n,2.0NRT,304.78,12.89,D
-0.05228,-78.26146,336.69,0.39,0.36,2026-09-14,1851,N,VIIRS,n,2.0NRT,305.61,12.89,D
-12.13575,-76.25113,299.27,0.38,0.59,2026-09-15,555,N,VIIRS,n,2.0NRT,274.5,0.85,N
-12.13038,-76.24987,329.08,0.38,0.59,2026-09-15,555,N,VIIRS,n,2.0NRT,276.53,2.35,N
-12.12992,-76.25221,300.98,0.38,0.59,2026-09-15,555,N,VIIRS,n,2.0NRT,275.39,3.94,N
-12.12496,-76.24879,315.63,0.38,0.59,2026-09-15,555,N,VIIRS,n,2.0NRT,276.44,2.35,N
-11.84481,-72.94599,297.82,0.47,0.47,2026-09-15,555,N,VIIRS,n,2.0NRT,286.03,0.6,N
-11.84043,-72.94515,300.4,0.47,0.47,2026-09-15,555,N,VIIRS,n,2.0NRT,287.81,0.6,N
-11.72719,-69.05547,299.48,0.43,0.38,2026-09-15,555,N,VIIRS,n,2.0NRT,288.26,0.38,N
-16.30319,-69.15111,304.3,0.4,0.37,2026-09-15,557,N,VIIRS,n,2.0NRT,270.5,1.31,N
-16.30255,-69.15494,306.46,0.4,0.37,2026-09-15,557,N,VIIRS,n,2.0NRT,271.55,1.67,N
-16.29918,-69.1543,314.41,0.4,0.37,2026-09-15,557,N,VIIRS,n,2.0NRT,273.04,1.67,N
-16.25748,-71.68527,298.98,0.51,0.41,2026-09-15,557,N,VIIRS,n,2.0NRT,281.62,0.96,N
-15.78601,-71.85784,300.43,0.53,0.42,2026-09-15,557,N,VIIRS,n,2.0NRT,268.19,1.03,N
-4.43308,-79.44355,343.86,0.48,0.65,2026-09-15,733,N,VIIRS,n,2.0NRT,279.61,3.48,N
-4.43244,-79.44806,300.63,0.48,0.65,2026-09-15,733,N,VIIRS,n,2.0NRT,276.88,5.55,N
-4.43088,-79.44132,310.85,0.48,0.65,2026-09-15,733,N,VIIRS,n,2.0NRT,280.92,7.27,N
-4.43026,-79.4455,367,0.48,0.65,2026-09-15,733,N,VIIRS,h,2.0NRT,281.85,7.27,N
-4.42708,-79.44265,300.23,0.48,0.65,2026-09-15,733,N,VIIRS,n,2.0NRT,281.36,3.48,N
-17.29821,-70.16827,335.62,0.38,0.36,2026-09-15,1828,N,VIIRS,l,2.0NRT,309.18,3.18,D
-16.60235,-68.98752,348.71,0.4,0.37,2026-09-15,1828,N,VIIRS,n,2.0NRT,316.94,8.6,D
-16.61604,-71.17375,337.58,0.39,0.36,2026-09-15,1830,N,VIIRS,l,2.0NRT,310.14,6.51,D
-16.44308,-69.65087,337.62,0.39,0.36,2026-09-15,1830,N,VIIRS,l,2.0NRT,312.5,2.95,D
-16.41879,-69.10644,341.49,0.4,0.37,2026-09-15,1830,N,VIIRS,n,2.0NRT,308.73,3.38,D
-16.41603,-69.11076,367,0.4,0.37,2026-09-15,1830,N,VIIRS,h,2.0NRT,315.06,10.55,D
-16.41544,-69.10706,331.97,0.4,0.37,2026-09-15,1830,N,VIIRS,n,2.0NRT,306.03,4.07,D
-16.39313,-68.7026,339.08,0.41,0.37,2026-09-15,1830,N,VIIRS,n,2.0NRT,303.01,13.17,D
-16.38862,-70.74451,346.89,0.38,0.36,2026-09-15,1830,N,VIIRS,n,2.0NRT,312.36,6.57,D
-16.37556,-69.15984,344.58,0.4,0.37,2026-09-15,1830,N,VIIRS,l,2.0NRT,316.81,36.87,D
-16.35818,-69.09437,337.67,0.4,0.37,2026-09-15,1830,N,VIIRS,l,2.0NRT,310.12,10.57,D
-16.35484,-69.09504,348.15,0.4,0.37,2026-09-15,1830,N,VIIRS,n,2.0NRT,318.79,10.57,D
-16.35148,-69.09563,348.26,0.4,0.37,2026-09-15,1830,N,VIIRS,n,2.0NRT,314.07,15.33,D
-16.34629,-69.08488,344,0.4,0.37,2026-09-15,1830,N,VIIRS,n,2.0NRT,313.8,8.09,D
-16.10166,-72.02966,347.73,0.4,0.37,2026-09-15,1830,N,VIIRS,n,2.0NRT,316.82,22.01,D
-16.1011,-72.02587,338.8,0.4,0.37,2026-09-15,1830,N,VIIRS,l,2.0NRT,309.33,10.92,D
-15.99753,-68.78635,341.21,0.41,0.37,2026-09-15,1830,N,VIIRS,n,2.0NRT,297.18,2.94,D
-15.80029,-69.01453,339.57,0.4,0.37,2026-09-15,1830,N,VIIRS,n,2.0NRT,307.44,4.43,D
-15.70117,-71.65241,335.51,0.39,0.36,2026-09-15,1830,N,VIIRS,l,2.0NRT,308.08,12.6,D
-15.50354,-72.85422,339.72,0.42,0.38,2026-09-15,1830,N,VIIRS,n,2.0NRT,304.65,2.3,D
-15.30437,-69.8272,334.05,0.39,0.36,2026-09-15,1830,N,VIIRS,n,2.0NRT,296.8,2.25,D
-15.29136,-73.36292,352.97,0.44,0.38,2026-09-15,1830,N,VIIRS,n,2.0NRT,317.61,19.17,D
-15.29082,-73.3591,350.7,0.44,0.38,2026-09-15,1830,N,VIIRS,n,2.0NRT,314.21,19.17,D
-15.28732,-73.35988,335.79,0.44,0.38,2026-09-15,1830,N,VIIRS,n,2.0NRT,303.62,19.17,D
-15.2326,-69.69794,331.12,0.39,0.36,2026-09-15,1830,N,VIIRS,n,2.0NRT,302.48,4.05,D
-14.49051,-74.62048,343.64,0.49,0.4,2026-09-15,1830,N,VIIRS,n,2.0NRT,308,6.73,D
-14.48975,-74.61499,348.99,0.49,0.4,2026-09-15,1830,N,VIIRS,n,2.0NRT,309.5,21.81,D
-14.48676,-74.62086,345.2,0.49,0.4,2026-09-15,1830,N,VIIRS,n,2.0NRT,314.49,6.73,D
-14.48598,-74.61511,355.86,0.49,0.4,2026-09-15,1830,N,VIIRS,n,2.0NRT,322.62,21.81,D
-13.99954,-71.44843,347.05,0.39,0.36,2026-09-15,1830,N,VIIRS,n,2.0NRT,316.2,14.86,D
-13.82291,-75.30363,330.47,0.52,0.42,2026-09-15,1830,N,VIIRS,l,2.0NRT,302.46,4.69,D
-13.78584,-73.26537,335.24,0.42,0.38,2026-09-15,1830,N,VIIRS,n,2.0NRT,303.64,3.55,D
-13.78578,-76.16868,346.56,0.39,0.44,2026-09-15,1830,N,VIIRS,n,2.0NRT,306.17,5.44,D
-13.60058,-73.19212,347.82,0.42,0.37,2026-09-15,1830,N,VIIRS,n,2.0NRT,312.95,15.69,D
-13.59999,-73.18791,347.69,0.42,0.37,2026-09-15,1830,N,VIIRS,n,2.0NRT,308.82,15.69,D
-13.59836,-73.19243,347.51,0.42,0.37,2026-09-15,1830,N,VIIRS,n,2.0NRT,311.96,13.88,D
-13.59773,-73.18822,340.45,0.42,0.37,2026-09-15,1830,N,VIIRS,n,2.0NRT,309.36,13.88,D
-13.4473,-71.50252,341.88,0.38,0.36,2026-09-15,1830,N,VIIRS,n,2.0NRT,305.37,3.11,D
-12.9301,-74.10898,330.79,0.45,0.39,2026-09-15,1830,N,VIIRS,n,2.0NRT,295.71,5.23,D
-12.92711,-74.11348,337.31,0.45,0.39,2026-09-15,1830,N,VIIRS,n,2.0NRT,292.83,4.24,D
-12.90132,-70.35252,337.26,0.39,0.36,2026-09-15,1830,N,VIIRS,n,2.0NRT,294.03,2.31,D
-12.77046,-69.56962,334.36,0.41,0.37,2026-09-15,1830,N,VIIRS,n,2.0NRT,295.78,3.65,D
-12.75195,-69.67233,334.9,0.4,0.37,2026-09-15,1830,N,VIIRS,n,2.0NRT,293.42,2.98,D
-12.74914,-69.67658,338.97,0.4,0.37,2026-09-15,1830,N,VIIRS,n,2.0NRT,295.26,9.59,D
-12.74854,-69.67287,339.82,0.4,0.37,2026-09-15,1830,N,VIIRS,n,2.0NRT,293.37,9.59,D
-12.74365,-69.88285,337.26,0.4,0.37,2026-09-15,1830,N,VIIRS,n,2.0NRT,296.23,10.54,D
-12.7206,-70.02202,332.45,0.4,0.37,2026-09-15,1830,N,VIIRS,n,2.0NRT,295.75,3.41,D
-12.68334,-73.03108,336.96,0.41,0.37,2026-09-15,1830,N,VIIRS,n,2.0NRT,296.75,5.52,D
-12.65321,-72.92124,336.67,0.4,0.37,2026-09-15,1830,N,VIIRS,n,2.0NRT,299.33,6.21,D
-12.54149,-73.17976,331.75,0.41,0.37,2026-09-15,1830,N,VIIRS,n,2.0NRT,294.35,4.04,D
-12.5357,-72.99651,334.18,0.4,0.37,2026-09-15,1830,N,VIIRS,n,2.0NRT,293.93,5.09,D
-12.53231,-72.99719,335.4,0.4,0.37,2026-09-15,1830,N,VIIRS,n,2.0NRT,293.33,5.09,D
-12.53066,-72.235,336.05,0.39,0.36,2026-09-15,1830,N,VIIRS,n,2.0NRT,299.19,3.52,D
-12.5226,-72.27271,330.13,0.39,0.36,2026-09-15,1830,N,VIIRS,n,2.0NRT,297.06,3.75,D
-12.48353,-72.97474,332.07,0.4,0.37,2026-09-15,1830,N,VIIRS,n,2.0NRT,295.01,2.58,D
-12.39227,-72.89816,333.1,0.4,0.37,2026-09-15,1830,N,VIIRS,n,2.0NRT,296.12,22.58,D
-12.39115,-72.89046,342.88,0.4,0.37,2026-09-15,1830,N,VIIRS,n,2.0NRT,292.97,6.54,D
-12.39028,-72.76683,345.62,0.4,0.37,2026-09-15,1830,N,VIIRS,n,2.0NRT,296.39,7,D
-12.32523,-72.6822,330.13,0.4,0.37,2026-09-15,1830,N,VIIRS,n,2.0NRT,294.39,1.66,D
-12.2127,-74.04235,333.08,0.44,0.38,2026-09-15,1830,N,VIIRS,n,2.0NRT,297.79,2.85,D
-12.19446,-76.23879,332.74,0.56,0.43,2026-09-15,1830,N,VIIRS,l,2.0NRT,304.34,6.11,D
-12.19292,-76.2411,335.76,0.56,0.43,2026-09-15,1830,N,VIIRS,n,2.0NRT,302.28,7.78,D
-12.14879,-73.94935,332.83,0.43,0.38,2026-09-15,1830,N,VIIRS,n,2.0NRT,294.82,2.74,D
-12.1411,-76.24708,335.47,0.56,0.43,2026-09-15,1830,N,VIIRS,l,2.0NRT,308.2,14.93,D
-12.11711,-76.24911,335.92,0.56,0.43,2026-09-15,1830,N,VIIRS,n,2.0NRT,303.68,17.89,D
-11.87359,-75.25737,331.81,0.49,0.4,2026-09-15,1830,N,VIIRS,n,2.0NRT,295.61,4.54,D
-11.84571,-72.94541,335.73,0.4,0.37,2026-09-15,1830,N,VIIRS,n,2.0NRT,296.7,4.83,D
-11.82205,-69.05773,344.6,0.43,0.38,2026-09-15,1830,N,VIIRS,n,2.0NRT,297.77,32.6,D
-11.7308,-69.20544,344.48,0.43,0.38,2026-09-15,1830,N,VIIRS,n,2.0NRT,293.52,6.06,D
-11.73017,-69.20154,333.57,0.43,0.38,2026-09-15,1830,N,VIIRS,n,2.0NRT,290.46,6.06,D
-11.58562,-68.77948,331.88,0.44,0.39,2026-09-15,1830,N,VIIRS,n,2.0NRT,291.71,3.21,D
-11.58496,-68.77541,338.29,0.44,0.39,2026-09-15,1830,N,VIIRS,n,2.0NRT,288.94,3.21,D
-11.52543,-69.36299,332.38,0.42,0.38,2026-09-15,1830,N,VIIRS,n,2.0NRT,292.52,4.1,D
-11.405,-74.40278,338.21,0.44,0.39,2026-09-15,1830,N,VIIRS,n,2.0NRT,291.99,4.25,D
-11.37766,-69.18732,345.69,0.43,0.38,2026-09-15,1830,N,VIIRS,n,2.0NRT,299.95,25.08,D
-11.21847,-73.93293,336.17,0.42,0.38,2026-09-15,1830,N,VIIRS,n,2.0NRT,293.54,5.76,D
-11.21793,-73.92921,333.03,0.42,0.38,2026-09-15,1830,N,VIIRS,n,2.0NRT,293.08,7.53,D
-11.05234,-74.223,331.03,0.43,0.38,2026-09-15,1830,N,VIIRS,n,2.0NRT,292.47,3.81,D
-11.00943,-74.5762,338.66,0.45,0.39,2026-09-15,1830,N,VIIRS,n,2.0NRT,292.26,7.59,D
-11.00225,-74.57697,326.22,0.45,0.39,2026-09-15,1830,N,VIIRS,n,2.0NRT,289.54,2.61,D
-10.92345,-73.25964,333.2,0.4,0.37,2026-09-15,1830,N,VIIRS,n,2.0NRT,294.39,2.35,D
-10.83893,-73.08919,346.45,0.4,0.37,2026-09-15,1830,N,VIIRS,n,2.0NRT,294.91,33.99,D
-10.81471,-73.0891,333.31,0.4,0.37,2026-09-15,1830,N,VIIRS,n,2.0NRT,293.11,5.1,D
-10.28916,-68.8621,332.48,0.45,0.39,2026-09-15,1830,N,VIIRS,n,2.0NRT,293.45,7.72,D
-10.9011,-74.19739,332.17,0.43,0.38,2026-09-15,1832,N,VIIRS,n,2.0NRT,288.4,3.96,D
-10.85529,-74.34949,332.07,0.44,0.38,2026-09-15,1832,N,VIIRS,n,2.0NRT,293.37,3.11,D
-10.82917,-74.90952,331.42,0.46,0.39,2026-09-15,1832,N,VIIRS,n,2.0NRT,293.61,4.76,D
-10.82661,-74.91109,333.66,0.46,0.39,2026-09-15,1832,N,VIIRS,n,2.0NRT,292.57,2.48,D
-10.58092,-73.15543,346.18,0.4,0.37,2026-09-15,1832,N,VIIRS,n,2.0NRT,294.14,11.2,D
-10.06706,-69.12046,348.42,0.44,0.39,2026-09-15,1832,N,VIIRS,n,2.0NRT,292.52,7.68,D
-9.81571,-76.11419,336.12,0.52,0.41,2026-09-15,1832,N,VIIRS,n,2.0NRT,296.7,6.23,D
-9.63752,-74.1319,329.35,0.42,0.38,2026-09-15,1832,N,VIIRS,l,2.0NRT,304.27,5.61,D
-9.51539,-70.41784,332.72,0.4,0.37,2026-09-15,1832,N,VIIRS,n,2.0NRT,288.76,3.1,D
-9.40593,-68.93819,346.76,0.46,0.39,2026-09-15,1832,N,VIIRS,n,2.0NRT,295.49,9.65,D
-9.40524,-68.93399,330.92,0.46,0.39,2026-09-15,1832,N,VIIRS,n,2.0NRT,292.33,4.61,D
-9.34859,-68.70336,335.17,0.47,0.4,2026-09-15,1832,N,VIIRS,n,2.0NRT,295.96,2.94,D
-9.33887,-75.85101,328.45,0.49,0.41,2026-09-15,1832,N,VIIRS,n,2.0NRT,294.52,2.97,D
-9.29919,-76.00196,326.04,0.5,0.41,2026-09-15,1832,N,VIIRS,l,2.0NRT,296.4,6.79,D
-9.29477,-75.99792,329.64,0.5,0.41,2026-09-15,1832,N,VIIRS,n,2.0NRT,298.35,8.34,D
-9.02169,-72.77387,334.84,0.39,0.36,2026-09-15,1832,N,VIIRS,n,2.0NRT,295.09,7.85,D
-8.98683,-69.37154,337.8,0.44,0.39,2026-09-15,1832,N,VIIRS,n,2.0NRT,295.24,4.05,D
-8.96537,-70.56018,333.7,0.4,0.37,2026-09-15,1832,N,VIIRS,n,2.0NRT,296.95,3.78,D
-8.92858,-70.59235,330.64,0.4,0.37,2026-09-15,1832,N,VIIRS,n,2.0NRT,295.57,1.64,D
-8.92576,-70.59657,339.48,0.4,0.37,2026-09-15,1832,N,VIIRS,n,2.0NRT,296.48,4.14,D
-8.9254,-69.17189,333.04,0.45,0.39,2026-09-15,1832,N,VIIRS,n,2.0NRT,296.98,3.59,D
-8.92518,-70.59289,331.66,0.4,0.37,2026-09-15,1832,N,VIIRS,n,2.0NRT,295.45,2.84,D
-8.87733,-70.62347,343.62,0.4,0.37,2026-09-15,1832,N,VIIRS,n,2.0NRT,291.12,5.99,D
-8.87315,-69.2467,338.68,0.45,0.39,2026-09-15,1832,N,VIIRS,n,2.0NRT,294.66,3.68,D
-8.47314,-72.52007,335.14,0.38,0.36,2026-09-15,1832,N,VIIRS,n,2.0NRT,295.51,5.77,D
-8.42739,-72.57024,338.28,0.38,0.36,2026-09-15,1832,N,VIIRS,n,2.0NRT,296.69,9.5,D
-8.36024,-71.21832,342.33,0.39,0.36,2026-09-15,1832,N,VIIRS,n,2.0NRT,291.89,5.39,D
-8.35634,-71.01687,333.93,0.4,0.37,2026-09-15,1832,N,VIIRS,n,2.0NRT,288.13,1.04,D
-8.32103,-71.70691,332.68,0.39,0.36,2026-09-15,1832,N,VIIRS,n,2.0NRT,291.61,2.32,D
-8.08764,-71.28781,334.28,0.39,0.36,2026-09-15,1832,N,VIIRS,n,2.0NRT,294.84,5.52,D
-8.0057,-71.00626,346.06,0.4,0.37,2026-09-15,1832,N,VIIRS,n,2.0NRT,294.8,10.2,D
-7.93815,-72.42303,330.72,0.38,0.36,2026-09-15,1832,N,VIIRS,n,2.0NRT,295.09,2.27,D
-7.84016,-72.93835,342.65,0.39,0.36,2026-09-15,1832,N,VIIRS,n,2.0NRT,295.3,5.63,D
-7.75538,-70.72463,331.75,0.41,0.37,2026-09-15,1832,N,VIIRS,n,2.0NRT,291.13,3.92,D
-7.7548,-70.72095,332.07,0.41,0.37,2026-09-15,1832,N,VIIRS,n,2.0NRT,296.14,9.57,D
-7.71822,-79.33171,345.2,0.51,0.5,2026-09-15,1832,N,VIIRS,n,2.0NRT,295.94,26.95,D
-7.6983,-78.16222,337.36,0.43,0.46,2026-09-15,1832,N,VIIRS,n,2.0NRT,286.32,4.07,D
-7.61355,-70.21846,333.6,0.42,0.38,2026-09-15,1832,N,VIIRS,n,2.0NRT,295.66,3.29,D
-7.5687,-73.03873,335.56,0.39,0.36,2026-09-15,1832,N,VIIRS,n,2.0NRT,296.39,7.17,D
-7.47024,-77.92204,329.66,0.41,0.45,2026-09-15,1832,N,VIIRS,n,2.0NRT,295.42,4.77,D
-7.46572,-77.91993,352.94,0.41,0.45,2026-09-15,1832,N,VIIRS,n,2.0NRT,297.2,16.77,D
-7.45823,-77.92656,326.73,0.41,0.45,2026-09-15,1832,N,VIIRS,n,2.0NRT,288.92,4.02,D
-7.09032,-79.66106,341.09,0.53,0.5,2026-09-15,1832,N,VIIRS,n,2.0NRT,296.19,6.06,D
-7.08781,-79.65945,342.53,0.53,0.5,2026-09-15,1832,N,VIIRS,n,2.0NRT,296.33,4.45,D
-6.76668,-69.36752,332.87,0.47,0.4,2026-09-15,1832,N,VIIRS,n,2.0NRT,296.39,6.22,D
-6.66915,-69.96958,331.82,0.44,0.39,2026-09-15,1832,N,VIIRS,n,2.0NRT,295.46,3.45,D
-6.66851,-69.96556,330.56,0.44,0.39,2026-09-15,1832,N,VIIRS,n,2.0NRT,295.62,4.51,D
-6.56565,-79.84061,344.7,0.53,0.5,2026-09-15,1832,N,VIIRS,n,2.0NRT,297.21,19,D
-6.07083,-79.41969,334.59,0.49,0.49,2026-09-15,1832,N,VIIRS,n,2.0NRT,294.87,8.52,D
-6.07023,-79.41553,340.3,0.49,0.49,2026-09-15,1832,N,VIIRS,n,2.0NRT,292.8,8.52,D
-6.05058,-79.82243,335.83,0.52,0.5,2026-09-15,1832,N,VIIRS,n,2.0NRT,295.43,2.92,D
-6.04846,-79.8196,334.5,0.52,0.5,2026-09-15,1832,N,VIIRS,n,2.0NRT,295.79,3.12,D
-5.44841,-78.65535,346.85,0.43,0.46,2026-09-15,1832,N,VIIRS,n,2.0NRT,291.87,13.36,D
-5.44757,-78.65535,367,0.43,0.46,2026-09-15,1832,N,VIIRS,h,2.0NRT,292.86,9.6,D
-4.77835,-79.48266,356.38,0.48,0.48,2026-09-15,1832,N,VIIRS,n,2.0NRT,292.96,12.71,D
-4.68206,-79.52528,342.92,0.48,0.48,2026-09-15,1832,N,VIIRS,n,2.0NRT,302,10.25,D
-4.65716,-79.47878,337.14,0.48,0.48,2026-09-15,1832,N,VIIRS,n,2.0NRT,294.11,5.26,D
-4.60931,-79.49117,343.58,0.48,0.48,2026-09-15,1832,N,VIIRS,n,2.0NRT,292.25,49.85,D
-2.00065,-79.7186,348.63,0.45,0.47,2026-09-15,1834,N,VIIRS,n,2.0NRT,289.86,15.35,D
-1.98551,-79.91456,337.86,0.46,0.47,2026-09-15,1834,N,VIIRS,n,2.0NRT,292.64,4.51,D
-1.98169,-79.91798,341.19,0.46,0.47,2026-09-15,1834,N,VIIRS,n,2.0NRT,290.35,7.23,D
-1.98118,-79.9155,342.32,0.46,0.47,2026-09-15,1834,N,VIIRS,n,2.0NRT,291.47,9.32,D
-1.43656,-80.25396,335.3,0.48,0.48,2026-09-15,1834,N,VIIRS,n,2.0NRT,288.58,6.2,D
-0.26648,-76.99982,329.14,0.45,0.39,2026-09-15,1834,N,VIIRS,n,2.0NRT,294.3,2.56,D
-9.40482,-68.93934,309.73,0.57,0.52,2026-09-16,536,N,VIIRS,n,2.0NRT,289.08,1.81,N
-16.25645,-71.68597,300.34,0.33,0.55,2026-09-16,538,N,VIIRS,n,2.0NRT,281.56,1.3,N
-11.73194,-69.20571,308.61,0.55,0.51,2026-09-16,538,N,VIIRS,n,2.0NRT,288.08,1.39,N
-11.73103,-69.20355,309.48,0.55,0.51,2026-09-16,538,N,VIIRS,n,2.0NRT,288.11,1.42,N
-11.73012,-69.20859,301.13,0.55,0.51,2026-09-16,538,N,VIIRS,n,2.0NRT,288.01,1.31,N
-11.72725,-69.20481,308.46,0.55,0.51,2026-09-16,538,N,VIIRS,n,2.0NRT,288.09,1.3,N
-11.58627,-68.78087,301.09,0.51,0.5,2026-09-16,538,N,VIIRS,n,2.0NRT,288.3,1.23,N
-11.58602,-68.77937,306.13,0.51,0.5,2026-09-16,538,N,VIIRS,n,2.0NRT,288.38,1.18,N
-0.44891,-78.38869,299.57,0.47,0.48,2026-09-16,714,N,VIIRS,n,2.0NRT,262.57,1.7,N
-3.33785,-79.10204,340.73,0.46,0.47,2026-09-16,716,N,VIIRS,n,2.0NRT,282.69,4.46,N
-3.33345,-79.10165,307.72,0.46,0.47,2026-09-16,716,N,VIIRS,n,2.0NRT,280.86,4.46,N
-16.27161,-69.15429,338.6,0.47,0.4,2026-09-16,1811,N,VIIRS,n,2.0NRT,307.11,3.42,D
-15.45385,-69.25066,333.04,0.47,0.4,2026-09-16,1811,N,VIIRS,n,2.0NRT,301.72,3.25,D
-15.29249,-69.81714,339.44,0.5,0.41,2026-09-16,1811,N,VIIRS,n,2.0NRT,302.15,5.56,D
-15.29209,-69.61591,336.47,0.49,0.4,2026-09-16,1811,N,VIIRS,n,2.0NRT,303.78,5.41,D
-15.29125,-69.81477,335.08,0.5,0.41,2026-09-16,1811,N,VIIRS,n,2.0NRT,303.64,4.73,D
-11.69015,-75.55046,332.28,0.34,0.56,2026-09-16,1811,N,VIIRS,n,2.0NRT,289.51,1.84,D
-11.68485,-75.55032,347.46,0.34,0.56,2026-09-16,1811,N,VIIRS,n,2.0NRT,292.29,5.25,D
-11.68,-75.55376,351.12,0.34,0.56,2026-09-16,1811,N,VIIRS,n,2.0NRT,292.4,5.25,D
-11.67952,-75.5498,345.2,0.34,0.56,2026-09-16,1811,N,VIIRS,n,2.0NRT,290.9,5.25,D
-11.65677,-75.66493,326.84,0.35,0.57,2026-09-16,1811,N,VIIRS,n,2.0NRT,291.12,3.94,D
-11.65636,-75.66172,327.26,0.35,0.57,2026-09-16,1811,N,VIIRS,n,2.0NRT,284.69,5.07,D
-11.36323,-74.41402,334.45,0.56,0.52,2026-09-16,1811,N,VIIRS,n,2.0NRT,292.54,3.85,D
-11.32988,-74.41985,340.09,0.56,0.52,2026-09-16,1811,N,VIIRS,n,2.0NRT,293,6.18,D
-11.29676,-73.03481,332.85,0.46,0.47,2026-09-16,1811,N,VIIRS,n,2.0NRT,290.48,3.74,D
-11.22995,-74.24512,327.37,0.55,0.51,2026-09-16,1811,N,VIIRS,n,2.0NRT,294.84,6.06,D
-11.22766,-74.37621,328.43,0.56,0.51,2026-09-16,1811,N,VIIRS,n,2.0NRT,292.99,5.37,D
-11.22194,-74.52203,340.07,0.57,0.52,2026-09-16,1811,N,VIIRS,n,2.0NRT,291.85,10.79,D
-11.2181,-74.52441,335.58,0.57,0.52,2026-09-16,1811,N,VIIRS,n,2.0NRT,289.67,6.98,D
-11.17533,-74.3843,340.23,0.56,0.51,2026-09-16,1811,N,VIIRS,n,2.0NRT,291.82,10.31,D
-11.17516,-74.38546,331.88,0.56,0.51,2026-09-16,1811,N,VIIRS,n,2.0NRT,290.4,4.53,D
-11.17439,-74.37969,331.16,0.56,0.51,2026-09-16,1811,N,VIIRS,n,2.0NRT,291.21,6.03,D
-11.17421,-73.02097,339.83,0.45,0.47,2026-09-16,1811,N,VIIRS,n,2.0NRT,294.18,8.01,D
-11.16986,-73.02151,326.33,0.45,0.47,2026-09-16,1811,N,VIIRS,n,2.0NRT,291.57,8.01,D
-11.15798,-72.90049,337.45,0.44,0.46,2026-09-16,1811,N,VIIRS,n,2.0NRT,288.05,3.41,D
-11.14721,-73.0845,351.48,0.46,0.47,2026-09-16,1811,N,VIIRS,n,2.0NRT,293.69,31.52,D
-11.14285,-73.08511,351.55,0.46,0.47,2026-09-16,1811,N,VIIRS,n,2.0NRT,294.05,31.52,D
-11.12596,-73.09179,326.21,0.46,0.47,2026-09-16,1811,N,VIIRS,n,2.0NRT,291.46,3.08,D
-11.09901,-74.76424,334.17,0.59,0.53,2026-09-16,1811,N,VIIRS,n,2.0NRT,293.98,4.49,D
-11.05822,-69.52058,329.11,0.44,0.38,2026-09-16,1811,N,VIIRS,n,2.0NRT,295.73,3.07,D
-11.05757,-69.52081,329.09,0.44,0.38,2026-09-16,1811,N,VIIRS,n,2.0NRT,295.78,3.27,D
-11.00927,-69.58095,342.85,0.44,0.38,2026-09-16,1811,N,VIIRS,n,2.0NRT,296.19,4.46,D
-11.00756,-68.85495,332.64,0.41,0.37,2026-09-16,1811,N,VIIRS,n,2.0NRT,298.73,8.42,D
-11.00496,-73.73872,330.13,0.5,0.49,2026-09-16,1811,N,VIIRS,n,2.0NRT,291.69,3.45,D
-10.97191,-73.20898,340.59,0.46,0.47,2026-09-16,1811,N,VIIRS,n,2.0NRT,291.44,8.38,D
-10.96753,-73.20961,339.91,0.46,0.47,2026-09-16,1811,N,VIIRS,n,2.0NRT,291.95,8.29,D
-10.96695,-73.2053,335.25,0.46,0.47,2026-09-16,1811,N,VIIRS,n,2.0NRT,290.74,8.29,D
-10.95582,-73.15513,338.38,0.46,0.47,2026-09-16,1811,N,VIIRS,n,2.0NRT,292.79,5.01,D
-10.94924,-73.13908,350.26,0.46,0.47,2026-09-16,1811,N,VIIRS,n,2.0NRT,298.15,29.59,D
-10.94487,-73.13963,335.41,0.46,0.47,2026-09-16,1811,N,VIIRS,n,2.0NRT,292.01,29.59,D
-10.94475,-74.94196,338.41,0.6,0.53,2026-09-16,1811,N,VIIRS,n,2.0NRT,291.27,8.4,D
-10.9442,-74.94432,338.39,0.6,0.53,2026-09-16,1811,N,VIIRS,n,2.0NRT,291.82,7.53,D
-10.88315,-73.17747,329.8,0.46,0.47,2026-09-16,1811,N,VIIRS,n,2.0NRT,291.69,2.36,D
-10.86543,-73.14506,328.61,0.46,0.47,2026-09-16,1811,N,VIIRS,n,2.0NRT,291.2,2.28,D
-10.79951,-73.28804,325.93,0.47,0.47,2026-09-16,1811,N,VIIRS,l,2.0NRT,299.17,3.43,D
-10.72835,-73.79094,327.9,0.5,0.49,2026-09-16,1811,N,VIIRS,n,2.0NRT,291.36,3.66,D
-10.72461,-69.13028,331.52,0.42,0.38,2026-09-16,1811,N,VIIRS,n,2.0NRT,298.08,3.93,D
-10.69379,-68.84832,336.55,0.41,0.37,2026-09-16,1811,N,VIIRS,n,2.0NRT,299.37,3.52,D
-10.67965,-69.29443,332.03,0.42,0.38,2026-09-16,1811,N,VIIRS,n,2.0NRT,296.72,1.83,D
-10.59203,-73.134,348.49,0.45,0.47,2026-09-16,1811,N,VIIRS,n,2.0NRT,293.71,8.95,D
-10.59054,-73.13338,342.83,0.45,0.47,2026-09-16,1811,N,VIIRS,n,2.0NRT,293.49,8.68,D
-10.54181,-68.85976,329.71,0.41,0.37,2026-09-16,1811,N,VIIRS,n,2.0NRT,298.92,6.59,D
-10.54126,-68.85605,334.49,0.41,0.37,2026-09-16,1811,N,VIIRS,n,2.0NRT,302.97,12.72,D
-10.43374,-73.52631,339.36,0.48,0.48,2026-09-16,1811,N,VIIRS,n,2.0NRT,288.42,8.2,D
-10.43101,-73.53017,340.81,0.48,0.48,2026-09-16,1811,N,VIIRS,n,2.0NRT,290.46,16.94,D
-10.42987,-73.53132,325.76,0.48,0.48,2026-09-16,1811,N,VIIRS,n,2.0NRT,288.77,5.19,D
-10.42929,-73.52689,328.76,0.48,0.48,2026-09-16,1811,N,VIIRS,n,2.0NRT,288.82,5.19,D
-10.38172,-74.05032,332.98,0.52,0.5,2026-09-16,1811,N,VIIRS,n,2.0NRT,292.24,4.65,D
-10.38162,-73.80838,339.16,0.5,0.49,2026-09-16,1811,N,VIIRS,n,2.0NRT,292.32,5.46,D
-10.38101,-73.80376,328.36,0.5,0.49,2026-09-16,1811,N,VIIRS,n,2.0NRT,293.35,7.24,D
-10.37588,-73.79979,335.26,0.5,0.49,2026-09-16,1811,N,VIIRS,n,2.0NRT,295.65,6.18,D
-10.26465,-68.79487,340.26,0.41,0.37,2026-09-16,1811,N,VIIRS,n,2.0NRT,310.46,56.55,D
-10.26398,-68.8139,333.79,0.41,0.37,2026-09-16,1811,N,VIIRS,n,2.0NRT,303.34,4.03,D
-10.26123,-68.79537,339.47,0.41,0.37,2026-09-16,1811,N,VIIRS,n,2.0NRT,310.89,75.85,D
-10.217,-69.06196,332.16,0.41,0.37,2026-09-16,1811,N,VIIRS,n,2.0NRT,300.33,3.43,D
-10.21554,-74.84112,339.95,0.58,0.52,2026-09-16,1811,N,VIIRS,n,2.0NRT,291.36,8.59,D
-10.20656,-74.88633,339.65,0.58,0.52,2026-09-16,1811,N,VIIRS,n,2.0NRT,292.54,13.8,D
-10.20631,-69.01363,335.89,0.41,0.37,2026-09-16,1811,N,VIIRS,n,2.0NRT,297.36,3.94,D
-10.18896,-74.85267,334.29,0.58,0.52,2026-09-16,1811,N,VIIRS,n,2.0NRT,291.47,9.13,D
-10.18781,-74.85596,336.4,0.58,0.52,2026-09-16,1811,N,VIIRS,n,2.0NRT,291.61,5.61,D
-10.17883,-69.35625,346.23,0.42,0.38,2026-09-16,1811,N,VIIRS,n,2.0NRT,300.69,27.83,D
-10.13356,-75.19191,347.71,0.61,0.53,2026-09-16,1811,N,VIIRS,n,2.0NRT,291.32,11.43,D
-10.12861,-75.1927,337.65,0.61,0.53,2026-09-16,1811,N,VIIRS,n,2.0NRT,291.72,11.43,D
-10.12856,-75.19038,340.53,0.61,0.54,2026-09-16,1811,N,VIIRS,n,2.0NRT,291.71,13.29,D
-10.11329,-68.81037,329.76,0.41,0.37,2026-09-16,1811,N,VIIRS,n,2.0NRT,303.46,3.16,D
-10.1121,-74.98392,343.51,0.59,0.53,2026-09-16,1811,N,VIIRS,n,2.0NRT,292.06,8.78,D
-10.10988,-68.81089,334.91,0.41,0.37,2026-09-16,1811,N,VIIRS,n,2.0NRT,297.83,3.16,D
-10.09044,-74.97028,331.91,0.59,0.53,2026-09-16,1811,N,VIIRS,n,2.0NRT,291.27,4.47,D
-9.88232,-74.07572,326.96,0.51,0.49,2026-09-16,1811,N,VIIRS,l,2.0NRT,299.67,5.04,D
-9.84635,-73.94333,328.75,0.5,0.49,2026-09-16,1811,N,VIIRS,n,2.0NRT,291.85,6.93,D
-9.84574,-73.93867,339.26,0.5,0.49,2026-09-16,1811,N,VIIRS,n,2.0NRT,292.73,6.93,D
-9.84511,-73.94189,341.93,0.5,0.49,2026-09-16,1811,N,VIIRS,n,2.0NRT,293.41,17.07,D
-9.83983,-68.96146,346.06,0.41,0.37,2026-09-16,1811,N,VIIRS,n,2.0NRT,297.09,7.92,D
-9.71953,-73.90616,326.42,0.49,0.49,2026-09-16,1811,N,VIIRS,n,2.0NRT,291.46,2.63,D
-9.6594,-74.18067,326.71,0.51,0.5,2026-09-16,1811,N,VIIRS,l,2.0NRT,299.9,6.18,D
-9.65872,-74.17931,329.77,0.51,0.5,2026-09-16,1811,N,VIIRS,l,2.0NRT,301.07,9.99,D
-9.63171,-74.21823,329.42,0.52,0.5,2026-09-16,1811,N,VIIRS,n,2.0NRT,292.63,3.2,D
-9.55844,-77.47289,340.28,0.43,0.62,2026-09-16,1811,N,VIIRS,n,2.0NRT,297.06,7.18,D
-9.55317,-77.47118,348.81,0.43,0.62,2026-09-16,1811,N,VIIRS,n,2.0NRT,320.36,35.52,D
-9.55256,-77.46616,367,0.43,0.62,2026-09-16,1811,N,VIIRS,h,2.0NRT,306.23,35.52,D
-9.55195,-77.46116,349.4,0.43,0.62,2026-09-16,1811,N,VIIRS,n,2.0NRT,300.02,23.68,D
-9.55173,-77.46613,367,0.43,0.62,2026-09-16,1811,N,VIIRS,h,2.0NRT,305.19,47.52,D
-9.55108,-77.46112,346.7,0.43,0.62,2026-09-16,1811,N,VIIRS,n,2.0NRT,296.62,20.42,D
-9.54718,-77.46976,356.78,0.43,0.62,2026-09-16,1811,N,VIIRS,n,2.0NRT,297.28,35.52,D
-9.54654,-77.46451,367,0.43,0.62,2026-09-16,1811,N,VIIRS,h,2.0NRT,301.21,35.52,D
-9.5464,-77.46989,367,0.43,0.62,2026-09-16,1811,N,VIIRS,h,2.0NRT,292.95,47.52,D
-9.54574,-77.46484,367,0.43,0.62,2026-09-16,1811,N,VIIRS,h,2.0NRT,299.76,47.52,D
-9.47791,-74.25204,326.44,0.52,0.5,2026-09-16,1811,N,VIIRS,l,2.0NRT,298.95,4.73,D
-9.43814,-74.1975,326.1,0.51,0.5,2026-09-16,1811,N,VIIRS,l,2.0NRT,298.26,4.5,D
-9.36963,-77.51241,343.62,0.43,0.62,2026-09-16,1811,N,VIIRS,n,2.0NRT,298.11,6.9,D
-9.369,-77.51282,345.8,0.43,0.62,2026-09-16,1811,N,VIIRS,n,2.0NRT,296.6,8.83,D
-9.33781,-77.72427,367,0.45,0.63,2026-09-16,1811,N,VIIRS,h,2.0NRT,299,29.89,D
-9.3374,-77.72104,346.73,0.45,0.63,2026-09-16,1811,N,VIIRS,n,2.0NRT,320.63,59.46,D
-9.33695,-77.7175,367,0.45,0.63,2026-09-16,1811,N,VIIRS,h,2.0NRT,303.18,59.46,D
-9.32727,-70.39672,331.52,0.46,0.39,2026-09-16,1811,N,VIIRS,n,2.0NRT,291.61,5.73,D
-9.31122,-68.7601,340.92,0.4,0.37,2026-09-16,1811,N,VIIRS,n,2.0NRT,297.93,7.66,D
-9.19146,-69.21978,333.49,0.41,0.37,2026-09-16,1811,N,VIIRS,n,2.0NRT,300.33,2.53,D
-9.18529,-69.20159,352.88,0.41,0.37,2026-09-16,1811,N,VIIRS,n,2.0NRT,304.39,28.39,D
-9.1824,-69.20584,353.17,0.41,0.37,2026-09-16,1811,N,VIIRS,n,2.0NRT,301.44,28.39,D
-9.18186,-69.2021,343.04,0.41,0.37,2026-09-16,1811,N,VIIRS,n,2.0NRT,298.58,28.39,D
-9.17897,-69.20634,346.64,0.41,0.37,2026-09-16,1811,N,VIIRS,n,2.0NRT,297.41,9.94,D
-9.11467,-69.82955,347.93,0.43,0.38,2026-09-16,1811,N,VIIRS,l,2.0NRT,296.51,20.55,D
-9.09733,-69.76024,331.31,0.43,0.38,2026-09-16,1811,N,VIIRS,l,2.0NRT,296.58,10.1,D
-9.08949,-70.75773,327.54,0.47,0.4,2026-09-16,1811,N,VIIRS,n,2.0NRT,295.81,4.22,D
-9.04313,-70.68932,336.01,0.47,0.4,2026-09-16,1811,N,VIIRS,n,2.0NRT,296.54,8.91,D
-9.02063,-69.40699,351.97,0.42,0.37,2026-09-16,1811,N,VIIRS,n,2.0NRT,302.11,32.72,D
-9.02008,-69.4032,336.82,0.42,0.37,2026-09-16,1811,N,VIIRS,n,2.0NRT,295.46,32.72,D
-9.01263,-69.40047,332.88,0.41,0.37,2026-09-16,1811,N,VIIRS,n,2.0NRT,297.52,5.7,D
-9.01248,-69.09112,336,0.41,0.37,2026-09-16,1811,N,VIIRS,n,2.0NRT,296.94,2.82,D
-9.00785,-70.72926,344.27,0.47,0.4,2026-09-16,1811,N,VIIRS,n,2.0NRT,300.02,40.33,D
-8.98585,-69.07626,332.62,0.41,0.37,2026-09-16,1811,N,VIIRS,n,2.0NRT,297.47,6.93,D
-8.98081,-72.49857,341.07,0.39,0.44,2026-09-16,1811,N,VIIRS,n,2.0NRT,291.09,4.73,D
-8.96989,-69.41389,346.18,0.41,0.37,2026-09-16,1811,N,VIIRS,n,2.0NRT,297.93,11.04,D
-8.95007,-72.69577,333.42,0.4,0.44,2026-09-16,1811,N,VIIRS,n,2.0NRT,297.17,17.19,D
-8.95002,-71.2407,328.39,0.5,0.41,2026-09-16,1811,N,VIIRS,l,2.0NRT,299.89,136.18,D
-8.94956,-72.69205,336.73,0.4,0.44,2026-09-16,1811,N,VIIRS,n,2.0NRT,292.56,17.19,D
-8.94857,-68.77901,342.8,0.4,0.37,2026-09-16,1811,N,VIIRS,n,2.0NRT,301.98,20.32,D
-8.94856,-68.68659,334.68,0.4,0.37,2026-09-16,1811,N,VIIRS,l,2.0NRT,305.96,5.61,D
-8.93785,-70.55667,332.6,0.46,0.39,2026-09-16,1811,N,VIIRS,l,2.0NRT,295.47,16.82,D
-8.93422,-70.5572,332.67,0.46,0.39,2026-09-16,1811,N,VIIRS,l,2.0NRT,295.75,16.82,D
-8.92894,-73.97926,338.66,0.49,0.48,2026-09-16,1811,N,VIIRS,n,2.0NRT,290.33,10.01,D
-8.92409,-70.84583,328.73,0.48,0.4,2026-09-16,1811,N,VIIRS,l,2.0NRT,296.04,17.81,D
-8.92347,-70.84149,334.71,0.48,0.4,2026-09-16,1811,N,VIIRS,n,2.0NRT,297.58,31.38,D
-8.91979,-70.84203,338.21,0.48,0.4,2026-09-16,1811,N,VIIRS,n,2.0NRT,296.55,35.97,D
-8.91627,-72.51125,330.02,0.39,0.44,2026-09-16,1811,N,VIIRS,n,2.0NRT,295.16,16.28,D
-8.91231,-72.4826,338.54,0.39,0.44,2026-09-16,1811,N,VIIRS,n,2.0NRT,293.23,5.11,D
-8.91182,-72.47901,339.72,0.39,0.44,2026-09-16,1811,N,VIIRS,n,2.0NRT,294.54,7.59,D
-8.88085,-68.64896,336.38,0.4,0.37,2026-09-16,1811,N,VIIRS,n,2.0NRT,301.1,9.6,D
-8.87807,-73.70522,340.19,0.47,0.48,2026-09-16,1811,N,VIIRS,n,2.0NRT,293.27,6.28,D
-8.87663,-68.65297,331.07,0.4,0.37,2026-09-16,1811,N,VIIRS,n,2.0NRT,299.48,6.29,D
-8.8566,-68.81853,341.07,0.4,0.37,2026-09-16,1811,N,VIIRS,n,2.0NRT,297.65,3.73,D
-8.8401,-68.7544,333.86,0.4,0.37,2026-09-16,1811,N,VIIRS,n,2.0NRT,297.16,4.66,D
-8.83753,-70.65659,337.84,0.46,0.39,2026-09-16,1811,N,VIIRS,n,2.0NRT,299.78,7.19,D
-8.83478,-69.11399,339.97,0.41,0.37,2026-09-16,1811,N,VIIRS,n,2.0NRT,298.32,5.35,D
-8.83165,-72.73553,340.14,0.4,0.45,2026-09-16,1811,N,VIIRS,n,2.0NRT,294.42,6.58,D
-8.82969,-71.06895,347.12,0.49,0.4,2026-09-16,1811,N,VIIRS,n,2.0NRT,295.42,12.88,D
-8.82324,-69.53268,331.33,0.42,0.38,2026-09-16,1811,N,VIIRS,n,2.0NRT,296.68,1.79,D
-8.81476,-72.78355,340.98,0.41,0.45,2026-09-16,1811,N,VIIRS,n,2.0NRT,297.62,43.11,D
-8.81116,-72.78786,336.04,0.41,0.45,2026-09-16,1811,N,VIIRS,n,2.0NRT,294.58,35.67,D
-8.80393,-71.29523,349.77,0.5,0.41,2026-09-16,1811,N,VIIRS,n,2.0NRT,300.49,61.73,D
-8.80112,-71.02792,329.32,0.48,0.4,2026-09-16,1811,N,VIIRS,n,2.0NRT,295.3,9.45,D
-8.8005,-71.02348,331.57,0.48,0.4,2026-09-16,1811,N,VIIRS,n,2.0NRT,295.77,9.45,D
-8.79959,-71.03063,336.68,0.48,0.4,2026-09-16,1811,N,VIIRS,n,2.0NRT,295.1,6.94,D
-8.79893,-71.02621,339.88,0.48,0.4,2026-09-16,1811,N,VIIRS,n,2.0NRT,295.27,18.78,D
-8.79742,-71.02848,337.65,0.48,0.4,2026-09-16,1811,N,VIIRS,n,2.0NRT,296.92,9.45,D
-8.79588,-71.03118,342.01,0.48,0.4,2026-09-16,1811,N,VIIRS,n,2.0NRT,295.16,6.94,D
-8.79222,-68.9927,336.31,0.4,0.37,2026-09-16,1811,N,VIIRS,n,2.0NRT,304.79,46.41,D
-8.78537,-69.5538,352.59,0.42,0.38,2026-09-16,1811,N,VIIRS,n,2.0NRT,300.05,12.15,D
-8.77812,-69.45805,331.73,0.41,0.37,2026-09-16,1811,N,VIIRS,n,2.0NRT,296.19,8.45,D
-8.77732,-69.54725,335.91,0.42,0.38,2026-09-16,1811,N,VIIRS,n,2.0NRT,301.37,6.57,D
-8.77675,-69.54343,332.79,0.42,0.37,2026-09-16,1811,N,VIIRS,n,2.0NRT,299.35,7.49,D
-8.7707,-71.30467,336.3,0.5,0.41,2026-09-16,1811,N,VIIRS,n,2.0NRT,291.63,8.05,D
-8.73587,-70.5686,337.71,0.46,0.39,2026-09-16,1811,N,VIIRS,n,2.0NRT,297.2,7.27,D
-8.73502,-69.59625,339,0.42,0.38,2026-09-16,1811,N,VIIRS,n,2.0NRT,299.05,42.21,D
-8.73246,-70.93293,332.8,0.48,0.4,2026-09-16,1811,N,VIIRS,n,2.0NRT,301.73,6.19,D
-8.73001,-70.5849,334.16,0.46,0.39,2026-09-16,1811,N,VIIRS,l,2.0NRT,297.39,5.21,D
-8.72738,-70.58685,344.66,0.46,0.39,2026-09-16,1811,N,VIIRS,n,2.0NRT,300.88,23.52,D
-8.72679,-70.58267,332.67,0.46,0.39,2026-09-16,1811,N,VIIRS,n,2.0NRT,297.4,10.88,D
-8.72639,-70.58544,345.8,0.46,0.39,2026-09-16,1811,N,VIIRS,n,2.0NRT,299.09,22.75,D
-8.70337,-71.55839,336.42,0.52,0.41,2026-09-16,1811,N,VIIRS,n,2.0NRT,295.2,4.9,D
-8.68228,-71.6579,327.95,0.52,0.42,2026-09-16,1811,N,VIIRS,n,2.0NRT,293.78,2.77,D
-8.66116,-70.02361,346.67,0.43,0.38,2026-09-16,1811,N,VIIRS,n,2.0NRT,301.41,23.01,D
-8.65763,-70.02413,343.7,0.43,0.38,2026-09-16,1811,N,VIIRS,n,2.0NRT,304.74,48.04,D
-8.63618,-72.37136,335.18,0.57,0.43,2026-09-16,1811,N,VIIRS,n,2.0NRT,293.18,8.66,D
-8.61675,-70.51637,335.4,0.46,0.39,2026-09-16,1811,N,VIIRS,n,2.0NRT,295.97,4.29,D
-8.61583,-70.51596,346.49,0.45,0.39,2026-09-16,1811,N,VIIRS,n,2.0NRT,297.85,10.61,D
-8.61421,-72.38964,335.55,0.38,0.43,2026-09-16,1811,N,VIIRS,n,2.0NRT,290.99,47.27,D
-8.6136,-72.3853,331.79,0.57,0.43,2026-09-16,1811,N,VIIRS,n,2.0NRT,293.32,23.14,D
-8.61315,-70.51689,336.71,0.46,0.39,2026-09-16,1811,N,VIIRS,n,2.0NRT,294.53,5.45,D
-8.54375,-72.42168,356.36,0.38,0.43,2026-09-16,1811,N,VIIRS,n,2.0NRT,295.91,13.1,D
-8.54255,-70.5946,332.48,0.46,0.39,2026-09-16,1811,N,VIIRS,l,2.0NRT,293.46,34.91,D
-8.53653,-76.34843,340.32,0.35,0.57,2026-09-16,1811,N,VIIRS,n,2.0NRT,280.8,3.38,D
-8.52903,-74.32476,326.39,0.51,0.49,2026-09-16,1811,N,VIIRS,l,2.0NRT,298.13,10.41,D
-8.50788,-70.87107,342.77,0.47,0.4,2026-09-16,1811,N,VIIRS,n,2.0NRT,296.5,55.94,D
-8.50726,-70.86676,320.89,0.47,0.4,2026-09-16,1811,N,VIIRS,l,2.0NRT,323.72,55.94,D
-8.50422,-70.87161,333.03,0.47,0.4,2026-09-16,1811,N,VIIRS,n,2.0NRT,297.47,55.94,D
-8.5036,-70.86731,347.8,0.47,0.4,2026-09-16,1811,N,VIIRS,n,2.0NRT,296.81,55.94,D
-8.50274,-69.99759,332.2,0.43,0.38,2026-09-16,1811,N,VIIRS,n,2.0NRT,295.71,3.63,D
-8.49423,-71.3868,333.6,0.5,0.41,2026-09-16,1811,N,VIIRS,n,2.0NRT,296.51,13.04,D
-8.49047,-71.38737,332.58,0.5,0.41,2026-09-16,1811,N,VIIRS,n,2.0NRT,293.62,6.22,D
-8.49035,-72.47952,339.47,0.39,0.44,2026-09-16,1811,N,VIIRS,n,2.0NRT,293.86,6.26,D
-8.45999,-70.17368,331.17,0.44,0.38,2026-09-16,1811,N,VIIRS,n,2.0NRT,295.13,3.14,D
-8.45849,-74.1187,339.92,0.49,0.49,2026-09-16,1811,N,VIIRS,n,2.0NRT,292.73,16.14,D
-8.44796,-71.44019,332.14,0.5,0.41,2026-09-16,1811,N,VIIRS,n,2.0NRT,295.7,5.54,D
-8.44742,-70.50624,346.67,0.45,0.39,2026-09-16,1811,N,VIIRS,n,2.0NRT,297.4,10.87,D
-8.43787,-71.28851,333.47,0.49,0.41,2026-09-16,1811,N,VIIRS,n,2.0NRT,302.9,58.05,D
-8.43368,-70.2383,328.08,0.44,0.38,2026-09-16,1811,N,VIIRS,l,2.0NRT,295.82,43.17,D
-8.43309,-70.23431,333.78,0.44,0.38,2026-09-16,1811,N,VIIRS,l,2.0NRT,304.36,43.17,D
-8.41914,-71.29124,342.77,0.49,0.41,2026-09-16,1811,N,VIIRS,l,2.0NRT,298.47,25.37,D
-8.40791,-71.29292,340.73,0.49,0.41,2026-09-16,1811,N,VIIRS,n,2.0NRT,297.62,15.63,D
-8.4068,-71.29168,341.37,0.49,0.41,2026-09-16,1811,N,VIIRS,n,2.0NRT,297.87,17.48,D
-8.40533,-70.82832,330.53,0.47,0.4,2026-09-16,1811,N,VIIRS,n,2.0NRT,297.11,51.7,D
-8.39202,-70.86508,330.21,0.47,0.4,2026-09-16,1811,N,VIIRS,l,2.0NRT,293.45,4.56,D
-8.38644,-70.46482,338.78,0.45,0.39,2026-09-16,1811,N,VIIRS,n,2.0NRT,299.67,33.33,D
-8.38502,-70.46457,332.3,0.45,0.39,2026-09-16,1811,N,VIIRS,n,2.0NRT,297.94,47.01,D
-8.38438,-71.75317,340.02,0.52,0.42,2026-09-16,1811,N,VIIRS,n,2.0NRT,295.47,30.15,D
-8.38225,-74.34159,327.71,0.51,0.49,2026-09-16,1811,N,VIIRS,n,2.0NRT,292.01,2.99,D
-8.38072,-71.04771,334.89,0.48,0.4,2026-09-16,1811,N,VIIRS,l,2.0NRT,295.86,19.4,D
-8.37933,-71.20877,345.92,0.49,0.4,2026-09-16,1811,N,VIIRS,n,2.0NRT,297.92,21.15,D
-8.37703,-71.04826,337.25,0.48,0.4,2026-09-16,1811,N,VIIRS,l,2.0NRT,294.59,19.4,D
-8.36592,-71.24725,343.09,0.49,0.4,2026-09-16,1811,N,VIIRS,n,2.0NRT,298.27,14.39,D
-8.36218,-71.24776,333.65,0.49,0.4,2026-09-16,1811,N,VIIRS,n,2.0NRT,295.52,9.2,D
-8.27737,-71.13329,338.88,0.48,0.4,2026-09-16,1811,N,VIIRS,n,2.0NRT,300.16,40.29,D
-8.27557,-71.13161,341.05,0.48,0.4,2026-09-16,1811,N,VIIRS,n,2.0NRT,297.15,36.2,D
-8.24709,-71.0155,341.7,0.48,0.4,2026-09-16,1811,N,VIIRS,n,2.0NRT,294.1,8.63,D
-8.24561,-71.08218,349.15,0.48,0.4,2026-09-16,1811,N,VIIRS,n,2.0NRT,306.78,77.12,D
-8.20739,-69.87019,345.13,0.42,0.38,2026-09-16,1811,N,VIIRS,n,2.0NRT,302.39,16.89,D
-8.20683,-69.86636,333.93,0.42,0.38,2026-09-16,1811,N,VIIRS,l,2.0NRT,299.16,16.89,D
-8.20391,-69.87071,346.31,0.42,0.38,2026-09-16,1811,N,VIIRS,n,2.0NRT,296.82,13.52,D
-8.18338,-72.79822,326.66,0.4,0.44,2026-09-16,1811,N,VIIRS,n,2.0NRT,296.2,3.52,D
-8.14888,-70.16182,367,0.44,0.38,2026-09-16,1811,N,VIIRS,h,2.0NRT,325.01,293.8,D
-8.14536,-70.16235,334.11,0.44,0.38,2026-09-16,1811,N,VIIRS,n,2.0NRT,292.92,7.56,D
-8.12495,-71.38859,337.24,0.5,0.41,2026-09-16,1811,N,VIIRS,n,2.0NRT,303.11,64.76,D
-8.09462,-71.28308,348.96,0.49,0.4,2026-09-16,1811,N,VIIRS,l,2.0NRT,297.26,14.21,D
-8.09208,-71.2653,337.34,0.49,0.4,2026-09-16,1811,N,VIIRS,l,2.0NRT,298.93,8.5,D
-8.0344,-72.44905,333.2,0.57,0.43,2026-09-16,1811,N,VIIRS,n,2.0NRT,292.9,5.99,D
-8.0314,-72.44775,330.78,0.57,0.43,2026-09-16,1811,N,VIIRS,n,2.0NRT,293.59,8.45,D
-8.02997,-71.26388,333.68,0.49,0.4,2026-09-16,1811,N,VIIRS,l,2.0NRT,295.94,28.61,D
-8.02706,-70.70858,331.72,0.46,0.39,2026-09-16,1811,N,VIIRS,n,2.0NRT,295.61,4.3,D
-8.02345,-70.70911,344.08,0.46,0.39,2026-09-16,1811,N,VIIRS,n,2.0NRT,296.16,15.47,D
-8.02323,-71.53678,330.89,0.5,0.41,2026-09-16,1811,N,VIIRS,n,2.0NRT,294.35,18,D
-8.02009,-71.54187,328.46,0.5,0.41,2026-09-16,1811,N,VIIRS,n,2.0NRT,291.42,5.75,D
-8.00068,-72.46978,339.74,0.57,0.43,2026-09-16,1811,N,VIIRS,n,2.0NRT,293.25,7.85,D
-7.99746,-70.06277,343.57,0.43,0.38,2026-09-16,1811,N,VIIRS,n,2.0NRT,295.56,5.55,D
-7.99018,-70.35486,336.62,0.44,0.38,2026-09-16,1811,N,VIIRS,n,2.0NRT,296.95,5.37,D
-7.97719,-71.40715,332.76,0.5,0.41,2026-09-16,1811,N,VIIRS,n,2.0NRT,297.31,5.54,D
-7.94829,-72.38775,333.51,0.56,0.43,2026-09-16,1811,N,VIIRS,n,2.0NRT,294.47,10.31,D
-7.94576,-72.78028,333.2,0.4,0.44,2026-09-16,1811,N,VIIRS,n,2.0NRT,294.1,6.98,D
-7.92051,-71.5735,336.72,0.51,0.41,2026-09-16,1811,N,VIIRS,n,2.0NRT,294.7,4.6,D
-7.90876,-72.27918,333.5,0.55,0.43,2026-09-16,1811,N,VIIRS,n,2.0NRT,290.14,7.45,D
-7.90591,-72.11684,341.08,0.54,0.42,2026-09-16,1811,N,VIIRS,n,2.0NRT,295.15,10.85,D
-7.88742,-71.58054,332.78,0.5,0.41,2026-09-16,1811,N,VIIRS,n,2.0NRT,294.66,2.2,D
-7.88438,-71.66573,329.32,0.51,0.41,2026-09-16,1811,N,VIIRS,n,2.0NRT,293.88,4.21,D
-7.8818,-73.0521,335.01,0.41,0.45,2026-09-16,1811,N,VIIRS,n,2.0NRT,295.01,6.54,D
-7.8473,-70.60281,331.39,0.45,0.39,2026-09-16,1811,N,VIIRS,n,2.0NRT,295.09,9.24,D
-7.8141,-69.98675,330.25,0.43,0.38,2026-09-16,1811,N,VIIRS,l,2.0NRT,304.11,3.47,D
-7.80363,-69.98831,335.7,0.43,0.38,2026-09-16,1811,N,VIIRS,n,2.0NRT,302.23,7.34,D
-7.75396,-70.72458,327.41,0.46,0.39,2026-09-16,1811,N,VIIRS,l,2.0NRT,301.09,6.4,D
-7.70102,-70.24574,329.04,0.43,0.38,2026-09-16,1811,N,VIIRS,n,2.0NRT,294.87,4.66,D
-7.61776,-70.21787,331.22,0.43,0.38,2026-09-16,1811,N,VIIRS,l,2.0NRT,295.69,3.59,D
-7.61482,-70.22231,344.82,0.43,0.38,2026-09-16,1811,N,VIIRS,n,2.0NRT,296.18,8.14,D
-7.61425,-70.21839,328.38,0.43,0.38,2026-09-16,1811,N,VIIRS,l,2.0NRT,295.23,5.01,D
-7.59961,-70.21656,337.36,0.43,0.38,2026-09-16,1811,N,VIIRS,n,2.0NRT,295.85,3.43,D
-7.59921,-70.21638,336.33,0.43,0.38,2026-09-16,1811,N,VIIRS,n,2.0NRT,296.13,3.79,D
-7.57987,-70.20721,333.18,0.43,0.38,2026-09-16,1811,N,VIIRS,l,2.0NRT,297.12,5.73,D
-7.57519,-70.19987,339.88,0.43,0.38,2026-09-16,1811,N,VIIRS,l,2.0NRT,296.33,13.22,D
-7.53727,-70.40742,338.2,0.44,0.38,2026-09-16,1811,N,VIIRS,n,2.0NRT,294.46,6.39,D
-7.5282,-70.02831,330.68,0.42,0.38,2026-09-16,1811,N,VIIRS,l,2.0NRT,296.82,6.91,D
-7.52025,-71.15773,333.27,0.48,0.4,2026-09-16,1811,N,VIIRS,n,2.0NRT,295.11,6.38,D
-7.51896,-71.15463,330.33,0.48,0.4,2026-09-16,1811,N,VIIRS,l,2.0NRT,294.42,3.94,D
-7.48554,-70.22511,330.73,0.43,0.38,2026-09-16,1811,N,VIIRS,l,2.0NRT,295.03,5.04,D
-7.42414,-70.19818,331.17,0.43,0.38,2026-09-16,1811,N,VIIRS,n,2.0NRT,295.27,6.75,D
-13.73161,-76.13342,346.85,0.39,0.6,2026-09-16,1813,N,VIIRS,n,2.0NRT,304.54,6.58,D
-13.73043,-76.13168,338.98,0.39,0.6,2026-09-16,1813,N,VIIRS,n,2.0NRT,304.04,4.66,D
-13.02437,-73.97691,339.62,0.56,0.51,2026-09-16,1813,N,VIIRS,n,2.0NRT,300.39,5.71,D
-12.99365,-71.83472,340.08,0.4,0.45,2026-09-16,1813,N,VIIRS,n,2.0NRT,293.8,6.46,D
-12.99161,-71.8407,341.67,0.4,0.45,2026-09-16,1813,N,VIIRS,n,2.0NRT,292.34,5.64,D
-12.99121,-71.83778,341.28,0.4,0.45,2026-09-16,1813,N,VIIRS,n,2.0NRT,295.2,5.64,D
-12.99082,-71.83491,352.78,0.4,0.45,2026-09-16,1813,N,VIIRS,n,2.0NRT,295.05,13.55,D
-12.99024,-71.84058,339.54,0.4,0.45,2026-09-16,1813,N,VIIRS,n,2.0NRT,291.05,5.56,D
-12.98986,-71.83771,338.02,0.4,0.45,2026-09-16,1813,N,VIIRS,n,2.0NRT,292.85,5.56,D
-12.98949,-71.83488,342.85,0.4,0.45,2026-09-16,1813,N,VIIRS,n,2.0NRT,291.14,6.46,D
-12.8518,-69.5254,336.9,0.45,0.39,2026-09-16,1813,N,VIIRS,n,2.0NRT,291.99,5.15,D
-12.76441,-69.56335,345.1,0.45,0.39,2026-09-16,1813,N,VIIRS,n,2.0NRT,298.52,13.27,D
-12.65992,-69.18919,330.97,0.44,0.38,2026-09-16,1813,N,VIIRS,n,2.0NRT,294.24,2.8,D
-12.54109,-68.91437,339.63,0.42,0.38,2026-09-16,1813,N,VIIRS,n,2.0NRT,296.77,8.9,D
-12.49629,-69.24966,331.6,0.44,0.38,2026-09-16,1813,N,VIIRS,n,2.0NRT,294.91,5.75,D
-12.3406,-69.19414,328.83,0.43,0.38,2026-09-16,1813,N,VIIRS,n,2.0NRT,296.38,2.74,D
-12.33603,-69.16226,332.86,0.43,0.38,2026-09-16,1813,N,VIIRS,n,2.0NRT,293.31,2.02,D
-12.33546,-69.15827,340.35,0.43,0.38,2026-09-16,1813,N,VIIRS,n,2.0NRT,294.25,4.6,D
-11.98491,-69.34286,333.24,0.44,0.38,2026-09-16,1813,N,VIIRS,n,2.0NRT,293.2,3.79,D
-11.9619,-69.35854,340.47,0.44,0.38,2026-09-16,1813,N,VIIRS,n,2.0NRT,294.89,7.04,D
-11.91411,-69.37804,332.71,0.44,0.38,2026-09-16,1813,N,VIIRS,n,2.0NRT,294.41,3.37,D
-11.7851,-69.02858,333.85,0.42,0.38,2026-09-16,1813,N,VIIRS,n,2.0NRT,297.06,19.16,D
-11.78454,-69.02468,350.71,0.42,0.38,2026-09-16,1813,N,VIIRS,n,2.0NRT,302.36,19.16,D
-11.73112,-69.20441,349,0.43,0.38,2026-09-16,1813,N,VIIRS,n,2.0NRT,301.78,11.92,D
-11.67097,-69.20945,335.56,0.43,0.38,2026-09-16,1813,N,VIIRS,n,2.0NRT,299.25,3.9,D
-11.63079,-68.71098,329.86,0.41,0.37,2026-09-16,1813,N,VIIRS,n,2.0NRT,295.44,2.25,D
-11.48267,-69.47654,329.74,0.44,0.38,2026-09-16,1813,N,VIIRS,n,2.0NRT,295.14,3.66,D
-11.47988,-69.47662,332.46,0.44,0.38,2026-09-16,1813,N,VIIRS,n,2.0NRT,293.27,3.78,D
-11.47511,-69.56793,337.36,0.44,0.38,2026-09-16,1813,N,VIIRS,n,2.0NRT,298.18,7.13,D
-11.47156,-69.56845,336.26,0.44,0.38,2026-09-16,1813,N,VIIRS,n,2.0NRT,295.16,7.13,D
-11.4529,-69.39085,328.19,0.43,0.38,2026-09-16,1813,N,VIIRS,n,2.0NRT,296.74,2.07,D
-11.4167,-69.31512,342.1,0.43,0.38,2026-09-16,1813,N,VIIRS,n,2.0NRT,297.71,94.83,D
-11.41376,-69.31959,327.64,0.43,0.38,2026-09-16,1813,N,VIIRS,n,2.0NRT,298.75,10.56,D
-11.41319,-69.31564,367,0.43,0.38,2026-09-16,1813,N,VIIRS,h,2.0NRT,327.51,94.83,D
-11.40968,-69.31616,338.87,0.43,0.38,2026-09-16,1813,N,VIIRS,n,2.0NRT,303.26,90.43,D
-11.38792,-69.02055,330.34,0.42,0.38,2026-09-16,1813,N,VIIRS,n,2.0NRT,301.82,4.11,D
-11.38735,-69.01668,330.61,0.42,0.38,2026-09-16,1813,N,VIIRS,n,2.0NRT,299.99,3.93,D
-11.32984,-69.33898,328.24,0.43,0.38,2026-09-16,1813,N,VIIRS,n,2.0NRT,295.2,4.91,D
-11.15045,-68.71009,334.66,0.41,0.37,2026-09-16,1813,N,VIIRS,n,2.0NRT,297.39,2.98,D
-8.05116,-78.15221,346.7,0.46,0.63,2026-09-16,1813,N,VIIRS,n,2.0NRT,281.77,8.61,D
-8.05055,-78.14768,333.9,0.46,0.63,2026-09-16,1813,N,VIIRS,n,2.0NRT,275.71,9.2,D
-7.87101,-74.924,325.93,0.55,0.51,2026-09-16,1813,N,VIIRS,n,2.0NRT,295.14,9.14,D
-7.75901,-73.06542,341.25,0.41,0.45,2026-09-16,1813,N,VIIRS,n,2.0NRT,296.2,4.92,D
-7.71014,-72.86967,344.09,0.4,0.44,2026-09-16,1813,N,VIIRS,n,2.0NRT,300.01,43.74,D
-7.62093,-72.32849,345.84,0.55,0.43,2026-09-16,1813,N,VIIRS,n,2.0NRT,299.51,47.38,D
-7.54853,-73.03782,341.44,0.41,0.45,2026-09-16,1813,N,VIIRS,n,2.0NRT,292.88,7.36,D
-7.45581,-71.89702,331.91,0.52,0.41,2026-09-16,1813,N,VIIRS,n,2.0NRT,295.2,3.09,D
-6.96927,-71.48611,340.09,0.49,0.4,2026-09-16,1813,N,VIIRS,n,2.0NRT,296.55,9.47,D
-6.96287,-71.70654,328,0.5,0.41,2026-09-16,1813,N,VIIRS,n,2.0NRT,298.31,4.88,D
-6.93214,-76.62421,331.38,0.35,0.56,2026-09-16,1813,N,VIIRS,n,2.0NRT,279.21,3.58,D
-6.93169,-76.62089,345.74,0.34,0.56,2026-09-16,1813,N,VIIRS,n,2.0NRT,281.13,3.58,D
-6.67264,-69.64097,340.07,0.41,0.37,2026-09-16,1813,N,VIIRS,n,2.0NRT,298.3,20.45,D
-5.92773,-76.26545,340.86,0.63,0.54,2026-09-16,1813,N,VIIRS,n,2.0NRT,289.47,18.63,D
-5.89298,-76.01726,326.1,0.61,0.53,2026-09-16,1813,N,VIIRS,n,2.0NRT,284.71,6.3,D
-5.89118,-76.36531,334.79,0.32,0.55,2026-09-16,1813,N,VIIRS,n,2.0NRT,287.66,3.72,D
-5.72579,-76.42311,342.56,0.32,0.55,2026-09-16,1813,N,VIIRS,n,2.0NRT,288.87,5.29,D
-4.69733,-78.09453,347.68,0.4,0.6,2026-09-16,1813,N,VIIRS,n,2.0NRT,288.73,5.57,D
-4.44292,-79.47423,337.59,0.5,0.66,2026-09-16,1813,N,VIIRS,n,2.0NRT,282.84,4.48,D
-4.44179,-79.47327,351.05,0.5,0.66,2026-09-16,1813,N,VIIRS,n,2.0NRT,285.79,12.47,D
-4.40679,-79.48214,326.81,0.5,0.66,2026-09-16,1813,N,VIIRS,n,2.0NRT,278.45,3.91,D
-4.4062,-79.47783,333.8,0.5,0.66,2026-09-16,1813,N,VIIRS,n,2.0NRT,279.53,6.48,D
-4.2235,-69.7914,331.25,0.4,0.37,2026-09-16,1813,N,VIIRS,n,2.0NRT,295.86,1.96,D
-4.08375,-70.27664,333.24,0.41,0.37,2026-09-16,1813,N,VIIRS,n,2.0NRT,295.08,4.26,D
-4.06341,-69.51467,332.36,0.39,0.36,2026-09-16,1813,N,VIIRS,l,2.0NRT,306.63,8.29,D
-4.06006,-69.51518,330.79,0.39,0.36,2026-09-16,1813,N,VIIRS,l,2.0NRT,305.64,6.74,D
-3.96951,-69.40733,330.97,0.39,0.36,2026-09-16,1813,N,VIIRS,l,2.0NRT,305.88,3.36,D
-3.96616,-69.40783,330.09,0.39,0.36,2026-09-16,1813,N,VIIRS,l,2.0NRT,304.45,3.36,D
-3.72815,-73.24879,326.1,0.56,0.43,2026-09-16,1813,N,VIIRS,l,2.0NRT,297.55,5.21,D
-3.72274,-73.24717,326.26,0.56,0.43,2026-09-16,1813,N,VIIRS,l,2.0NRT,297.65,9.52,D
-3.46548,-72.71734,327.71,0.52,0.41,2026-09-16,1813,N,VIIRS,l,2.0NRT,301.86,11.05,D
-2.94931,-69.14294,333.8,0.39,0.36,2026-09-16,1813,N,VIIRS,n,2.0NRT,295.09,2.43,D
-2.77532,-70.1096,334.98,0.4,0.37,2026-09-16,1813,N,VIIRS,n,2.0NRT,294.76,4.2,D
-2.32778,-79.69348,329.12,0.48,0.65,2026-09-16,1813,N,VIIRS,n,2.0NRT,287.47,2.76,D
-1.89638,-78.92643,334.62,0.42,0.61,2026-09-16,1813,N,VIIRS,n,2.0NRT,291,2.84,D
-1.89397,-78.92525,339.41,0.42,0.61,2026-09-16,1813,N,VIIRS,n,2.0NRT,290.11,5.65,D
-1.79477,-78.95718,345.81,0.42,0.61,2026-09-16,1813,N,VIIRS,n,2.0NRT,294.69,8.02,D
-1.79227,-78.95962,367,0.42,0.61,2026-09-16,1813,N,VIIRS,h,2.0NRT,306.18,22.08,D
-1.7896,-78.9614,367,0.42,0.61,2026-09-16,1813,N,VIIRS,h,2.0NRT,301.78,16.43,D
-0.82426,-78.73573,326.69,0.39,0.6,2026-09-16,1815,N,VIIRS,l,2.0NRT,296.75,3.64,D
-0.82378,-78.73254,326.49,0.39,0.6,2026-09-16,1815,N,VIIRS,l,2.0NRT,298.69,5.91,D
-0.75137,-78.88171,334.13,0.4,0.6,2026-09-16,1815,N,VIIRS,n,2.0NRT,298.73,3.35,D
-4.82595,-79.58563,338.41,0.79,0.78,2026-09-16,1953,N,VIIRS,n,2.0NRT,298.33,12.1,D
-4.82493,-79.58729,337.24,0.79,0.78,2026-09-16,1953,N,VIIRS,n,2.0NRT,298,8.67,D
-4.82372,-79.58051,334.22,0.79,0.78,2026-09-16,1953,N,VIIRS,n,2.0NRT,296.06,9.13,D
-3.49182,-79.52836,295.32,0.39,0.36,2026-09-17,657,N,VIIRS,n,2.0NRT,280.03,1.39,N
-3.48851,-79.52767,324.6,0.39,0.36,2026-09-17,657,N,VIIRS,n,2.0NRT,284.39,3.53,N
-3.00721,-79.40013,314.12,0.39,0.36,2026-09-17,657,N,VIIRS,n,2.0NRT,275.93,4.93,N
-3.00389,-79.39947,347.78,0.39,0.36,2026-09-17,657,N,VIIRS,n,2.0NRT,282.9,4.93,N
-2.15142,-78.79871,302.65,0.4,0.37,2026-09-17,657,N,VIIRS,n,2.0NRT,263.84,0.86,N
-2.14804,-78.79817,329.94,0.4,0.37,2026-09-17,657,N,VIIRS,n,2.0NRT,266.86,2.24,N
-1.85571,-78.87803,296.4,0.4,0.37,2026-09-17,657,N,VIIRS,n,2.0NRT,270.25,4.12,N
-1.85518,-78.88142,334.65,0.4,0.37,2026-09-17,657,N,VIIRS,n,2.0NRT,276.18,4.12,N
-1.13103,-78.92027,305.45,0.39,0.36,2026-09-17,657,N,VIIRS,n,2.0NRT,274.53,0.73,N
-0.39202,-78.6801,300.74,0.39,0.37,2026-09-17,657,N,VIIRS,n,2.0NRT,267.14,1.33,N
-0.38986,-78.67216,307.96,0.39,0.37,2026-09-17,657,N,VIIRS,n,2.0NRT,268.98,1.4,N
-0.38925,-78.67597,305.85,0.39,0.37,2026-09-17,657,N,VIIRS,n,2.0NRT,267.55,1.4,N
-0.22256,-78.49298,313.7,0.4,0.37,2026-09-17,657,N,VIIRS,n,2.0NRT,267.75,2.03,N
-11.56548,-77.23475,314.02,0.39,0.44,2026-09-17,659,N,VIIRS,n,2.0NRT,287.35,1.32,N
-9.55441,-77.4585,297.22,0.54,0.42,2026-09-17,659,N,VIIRS,n,2.0NRT,271.9,2.1,N
-9.55114,-77.45371,321.19,0.54,0.42,2026-09-17,659,N,VIIRS,n,2.0NRT,273.43,2.1,N
-9.55044,-77.45847,301.01,0.54,0.42,2026-09-17,659,N,VIIRS,n,2.0NRT,272.83,2.1,N
-7.60474,-78.40493,312.66,0.46,0.39,2026-09-17,659,N,VIIRS,n,2.0NRT,282.29,2.38,N
-7.36735,-78.54877,303.42,0.45,0.39,2026-09-17,659,N,VIIRS,n,2.0NRT,279.45,3.04,N
-7.36667,-78.55334,326.83,0.45,0.39,2026-09-17,659,N,VIIRS,n,2.0NRT,282.17,5.55,N
-7.15131,-78.62207,309.4,0.44,0.39,2026-09-17,659,N,VIIRS,n,2.0NRT,276.56,2.42,N
-5.56271,-74.83098,306.34,0.46,0.47,2026-09-17,659,N,VIIRS,n,2.0NRT,289.49,1.11,N
-5.22124,-80.07757,303.91,0.39,0.36,2026-09-17,659,N,VIIRS,n,2.0NRT,289.44,0.66,N
-5.2179,-80.07703,313.21,0.39,0.36,2026-09-17,659,N,VIIRS,n,2.0NRT,289.06,0.66,N
-5.17107,-80.67657,311.17,0.38,0.36,2026-09-17,659,N,VIIRS,n,2.0NRT,290.82,0.75,N
-13.177,-75.67223,306.68,0.52,0.5,2026-09-17,701,N,VIIRS,n,2.0NRT,277.68,2.46,N
-12.24795,-76.79725,298.48,0.43,0.46,2026-09-17,701,N,VIIRS,n,2.0NRT,286.77,0.59,N
-16.15735,-68.77001,341.93,0.57,0.52,2026-09-17,1752,N,VIIRS,n,2.0NRT,298.58,7.89,D
-15.93483,-68.85329,344.76,0.58,0.52,2026-09-17,1752,N,VIIRS,n,2.0NRT,294.86,10.03,D
-15.30986,-69.81979,367,0.33,0.55,2026-09-17,1752,N,VIIRS,h,2.0NRT,293.32,13.24,D
-14.58241,-68.75481,329.16,0.54,0.51,2026-09-17,1752,N,VIIRS,n,2.0NRT,299.93,7.21,D
-13.72506,-70.30405,330.38,0.34,0.56,2026-09-17,1752,N,VIIRS,n,2.0NRT,294.19,4.02,D
-13.6782,-76.00307,331.83,0.79,0.78,2026-09-17,1752,N,VIIRS,n,2.0NRT,295.03,4.14,D
-13.67745,-76.0027,331.07,0.8,0.78,2026-09-17,1752,N,VIIRS,n,2.0NRT,295.27,4.82,D
-13.67504,-71.76527,342.84,0.42,0.61,2026-09-17,1752,N,VIIRS,n,2.0NRT,288.88,8.53,D
-13.67368,-71.76639,345.6,0.42,0.61,2026-09-17,1752,N,VIIRS,n,2.0NRT,290.37,8.63,D
-13.18766,-70.3044,367,0.33,0.55,2026-09-17,1752,N,VIIRS,h,2.0NRT,292.95,6.49,D
-13.18448,-70.302,337.62,0.33,0.55,2026-09-17,1752,N,VIIRS,n,2.0NRT,291.97,4.31,D
-12.96894,-69.6931,332.07,0.6,0.53,2026-09-17,1752,N,VIIRS,n,2.0NRT,295.73,5.62,D
-12.93804,-70.38651,347.15,0.33,0.55,2026-09-17,1752,N,VIIRS,n,2.0NRT,295.21,5.52,D
-12.93767,-70.38351,329.4,0.33,0.55,2026-09-17,1752,N,VIIRS,n,2.0NRT,294.09,6.95,D
-12.89692,-70.48056,327.1,0.34,0.56,2026-09-17,1752,N,VIIRS,n,2.0NRT,292.75,2.73,D
-12.89307,-70.2314,339.2,0.32,0.55,2026-09-17,1752,N,VIIRS,n,2.0NRT,291.29,2.7,D
-12.8766,-70.39767,330.03,0.33,0.55,2026-09-17,1752,N,VIIRS,n,2.0NRT,293.02,2.82,D
-12.86866,-69.6671,328.73,0.59,0.53,2026-09-17,1752,N,VIIRS,n,2.0NRT,294.54,3.71,D
-12.85286,-70.34336,332.75,0.33,0.55,2026-09-17,1752,N,VIIRS,n,2.0NRT,292.52,1.75,D
-12.8493,-70.44088,346.7,0.33,0.56,2026-09-17,1752,N,VIIRS,n,2.0NRT,290.91,8.92,D
-12.84892,-70.43775,367,0.33,0.56,2026-09-17,1752,N,VIIRS,h,2.0NRT,292.25,8.92,D
-12.84526,-69.84063,340.21,0.61,0.53,2026-09-17,1752,N,VIIRS,n,2.0NRT,294.66,17.75,D
-12.82483,-69.88016,338.81,0.61,0.53,2026-09-17,1752,N,VIIRS,n,2.0NRT,299.23,81.37,D
-12.82459,-69.87789,344.38,0.61,0.53,2026-09-17,1752,N,VIIRS,n,2.0NRT,302.65,57.95,D
-12.8241,-69.87447,349.12,0.61,0.53,2026-09-17,1752,N,VIIRS,n,2.0NRT,298.75,81.37,D
-12.8239,-69.87219,351.29,0.61,0.53,2026-09-17,1752,N,VIIRS,n,2.0NRT,297.42,72.31,D
-12.82336,-69.86878,340.57,0.61,0.53,2026-09-17,1752,N,VIIRS,n,2.0NRT,295.46,20.58,D
-12.81962,-69.87852,330.26,0.61,0.53,2026-09-17,1752,N,VIIRS,n,2.0NRT,294.02,57.95,D
-12.79768,-69.57576,355.33,0.58,0.52,2026-09-17,1752,N,VIIRS,n,2.0NRT,297.52,26.41,D
-12.77654,-69.85757,339.61,0.61,0.53,2026-09-17,1752,N,VIIRS,n,2.0NRT,294.95,6.79,D
-12.7716,-69.85835,339.79,0.61,0.53,2026-09-17,1752,N,VIIRS,n,2.0NRT,294.48,6.79,D
-12.76161,-70.42522,367,0.33,0.55,2026-09-17,1752,N,VIIRS,h,2.0NRT,296.38,18.7,D
-12.71622,-70.39646,331.16,0.33,0.55,2026-09-17,1752,N,VIIRS,n,2.0NRT,294.63,2.39,D
-12.71361,-70.16655,329.73,0.32,0.54,2026-09-17,1752,N,VIIRS,n,2.0NRT,292.61,3.98,D
-12.66704,-70.46573,367,0.33,0.55,2026-09-17,1752,N,VIIRS,h,2.0NRT,294.58,4.95,D
-12.66665,-70.46252,337.01,0.33,0.55,2026-09-17,1752,N,VIIRS,n,2.0NRT,294.11,4.95,D
-12.66567,-70.46415,367,0.33,0.55,2026-09-17,1752,N,VIIRS,h,2.0NRT,295.77,11.97,D
-12.66357,-70.53109,327.48,0.34,0.56,2026-09-17,1752,N,VIIRS,n,2.0NRT,292.89,3.37,D
-12.66318,-70.52795,336.6,0.34,0.56,2026-09-17,1752,N,VIIRS,n,2.0NRT,293.49,3.37,D
-12.64858,-70.32886,328.42,0.33,0.55,2026-09-17,1752,N,VIIRS,n,2.0NRT,294.29,1.06,D
-12.42005,-72.6013,343.16,0.46,0.64,2026-09-17,1752,N,VIIRS,n,2.0NRT,284.62,7.93,D
-11.84465,-72.94555,332.44,0.48,0.64,2026-09-17,1752,N,VIIRS,n,2.0NRT,291.3,5.56,D
-11.69787,-69.23503,332.54,0.53,0.5,2026-09-17,1752,N,VIIRS,n,2.0NRT,286,6.26,D
-11.64518,-69.21013,338.37,0.53,0.5,2026-09-17,1752,N,VIIRS,n,2.0NRT,289.73,4.56,D
-11.64052,-69.21076,340.09,0.53,0.5,2026-09-17,1752,N,VIIRS,n,2.0NRT,287.26,4.56,D
-11.41429,-69.5952,334.17,0.56,0.51,2026-09-17,1752,N,VIIRS,n,2.0NRT,289.3,5.09,D
-11.3434,-69.53722,340.13,0.55,0.51,2026-09-17,1752,N,VIIRS,n,2.0NRT,292.13,23.5,D
-11.28312,-69.48559,338.38,0.55,0.51,2026-09-17,1752,N,VIIRS,n,2.0NRT,287.23,7.03,D
-10.85791,-68.72611,340.77,0.48,0.48,2026-09-17,1752,N,VIIRS,n,2.0NRT,293.75,15.42,D
-10.85601,-68.72415,346.02,0.48,0.48,2026-09-17,1752,N,VIIRS,n,2.0NRT,292.51,13.64,D
-10.83509,-68.63281,336.66,0.47,0.48,2026-09-17,1752,N,VIIRS,n,2.0NRT,293.15,9.36,D
-10.83186,-68.63551,343.98,0.47,0.48,2026-09-17,1752,N,VIIRS,n,2.0NRT,295.51,15.1,D
-10.83065,-68.63341,344.19,0.47,0.48,2026-09-17,1752,N,VIIRS,n,2.0NRT,295.33,9.36,D
-10.81206,-69.55744,333.81,0.55,0.51,2026-09-17,1752,N,VIIRS,n,2.0NRT,292.52,4.49,D
-10.6522,-69.12681,343.51,0.51,0.49,2026-09-17,1752,N,VIIRS,n,2.0NRT,291.24,12.1,D
-10.64599,-68.74366,330.5,0.48,0.48,2026-09-17,1752,N,VIIRS,n,2.0NRT,292.71,5.9,D
-10.64471,-68.745,331.13,0.48,0.48,2026-09-17,1752,N,VIIRS,n,2.0NRT,292.46,4.68,D
-10.6213,-69.50397,329.55,0.54,0.51,2026-09-17,1752,N,VIIRS,n,2.0NRT,290.45,4.88,D
-10.62067,-69.49898,339.18,0.54,0.51,2026-09-17,1752,N,VIIRS,n,2.0NRT,290.73,8.41,D
-10.6196,-69.50175,348.99,0.54,0.51,2026-09-17,1752,N,VIIRS,n,2.0NRT,289.38,9.37,D
-10.51194,-68.97952,334.5,0.49,0.49,2026-09-17,1752,N,VIIRS,n,2.0NRT,292.02,6.9,D
-10.47125,-68.67648,339.61,0.47,0.48,2026-09-17,1752,N,VIIRS,n,2.0NRT,292.66,10.22,D
-10.4624,-68.67767,342.78,0.47,0.48,2026-09-17,1752,N,VIIRS,n,2.0NRT,292.12,11.95,D
-10.37656,-68.605,328.15,0.47,0.47,2026-09-17,1752,N,VIIRS,n,2.0NRT,295.12,25.07,D
-10.37598,-68.60071,340.73,0.47,0.47,2026-09-17,1752,N,VIIRS,n,2.0NRT,293.68,25.9,D
-10.7764,-73.20169,356.66,0.48,0.65,2026-09-17,1754,N,VIIRS,l,2.0NRT,286.43,10.33,D
-10.77589,-73.19732,328.08,0.48,0.65,2026-09-17,1754,N,VIIRS,n,2.0NRT,286.08,10.33,D
-10.77427,-73.20063,356.88,0.48,0.65,2026-09-17,1754,N,VIIRS,l,2.0NRT,287.7,15.27,D
-10.77373,-73.19624,337.24,0.48,0.65,2026-09-17,1754,N,VIIRS,n,2.0NRT,287.93,15.27,D
-10.76989,-73.1983,340.41,0.48,0.65,2026-09-17,1754,N,VIIRS,n,2.0NRT,284.46,3.82,D
-10.61675,-73.37622,331.26,0.49,0.65,2026-09-17,1754,N,VIIRS,n,2.0NRT,280.52,7.2,D
-10.38307,-68.99034,329.86,0.49,0.49,2026-09-17,1754,N,VIIRS,n,2.0NRT,297.27,64.74,D
-10.38247,-68.9858,341.02,0.49,0.49,2026-09-17,1754,N,VIIRS,n,2.0NRT,292.65,53.14,D
-10.30016,-69.13479,340.41,0.5,0.49,2026-09-17,1754,N,VIIRS,n,2.0NRT,294.45,15.83,D
-10.26247,-68.81755,339.22,0.48,0.48,2026-09-17,1754,N,VIIRS,n,2.0NRT,293.26,8.09,D
-10.25723,-69.01923,340.24,0.49,0.49,2026-09-17,1754,N,VIIRS,n,2.0NRT,288.56,11.6,D
-10.22081,-68.60698,342.18,0.46,0.47,2026-09-17,1754,N,VIIRS,n,2.0NRT,288.19,6.41,D
-10.17118,-69.35016,332.48,0.52,0.5,2026-09-17,1754,N,VIIRS,n,2.0NRT,292.47,9.15,D
-10.16427,-69.05764,354.5,0.5,0.49,2026-09-17,1754,N,VIIRS,n,2.0NRT,293.74,11.88,D
-10.13928,-69.25318,339.57,0.51,0.49,2026-09-17,1754,N,VIIRS,n,2.0NRT,292.77,8.81,D
-10.09287,-69.25475,341.48,0.51,0.49,2026-09-17,1754,N,VIIRS,n,2.0NRT,293.17,10.62,D
-10.04303,-68.84526,342.07,0.48,0.48,2026-09-17,1754,N,VIIRS,n,2.0NRT,293.34,15.41,D
-10.03858,-68.84584,343.91,0.48,0.48,2026-09-17,1754,N,VIIRS,n,2.0NRT,292.84,15.41,D
-10.0359,-68.85968,341.27,0.48,0.48,2026-09-17,1754,N,VIIRS,n,2.0NRT,291.18,5.97,D
-9.96491,-68.82767,345.88,0.48,0.48,2026-09-17,1754,N,VIIRS,n,2.0NRT,291.09,17.39,D
-9.8808,-68.99454,328.21,0.49,0.48,2026-09-17,1754,N,VIIRS,n,2.0NRT,290.04,3.77,D
-9.53629,-68.76331,331.11,0.46,0.47,2026-09-17,1754,N,VIIRS,n,2.0NRT,287.82,2.67,D
-9.40373,-68.6425,340.85,0.45,0.47,2026-09-17,1754,N,VIIRS,n,2.0NRT,288.34,6.9,D
-9.40315,-68.63834,335.55,0.45,0.47,2026-09-17,1754,N,VIIRS,n,2.0NRT,287.77,7.31,D
-9.36525,-68.78485,334.83,0.46,0.47,2026-09-17,1754,N,VIIRS,n,2.0NRT,288.85,3.63,D
-9.36485,-68.78407,334.43,0.46,0.47,2026-09-17,1754,N,VIIRS,n,2.0NRT,288.65,5.2,D
-9.31284,-68.79562,355.61,0.46,0.47,2026-09-17,1754,N,VIIRS,n,2.0NRT,290.95,31.64,D
-9.15098,-70.21596,338.51,0.57,0.52,2026-09-17,1754,N,VIIRS,n,2.0NRT,291.54,8.72,D
-9.12455,-70.75184,334.64,0.62,0.54,2026-09-17,1754,N,VIIRS,n,2.0NRT,289.36,8.54,D
-9.02898,-70.67996,339.33,0.61,0.54,2026-09-17,1754,N,VIIRS,n,2.0NRT,290.1,7.42,D
-8.99895,-69.49554,335.6,0.51,0.49,2026-09-17,1754,N,VIIRS,n,2.0NRT,285.91,7.64,D
-8.9963,-69.51019,339.08,0.51,0.49,2026-09-17,1754,N,VIIRS,n,2.0NRT,285.67,5.25,D
-8.995,-69.50079,348.14,0.51,0.49,2026-09-17,1754,N,VIIRS,n,2.0NRT,287.07,23.74,D
-8.99436,-69.49613,331.05,0.51,0.49,2026-09-17,1754,N,VIIRS,n,2.0NRT,285.94,7.64,D
-8.97849,-71.58147,343.96,0.35,0.57,2026-09-17,1754,N,VIIRS,n,2.0NRT,288.16,2.95,D
-8.97803,-69.27795,329.51,0.49,0.49,2026-09-17,1754,N,VIIRS,n,2.0NRT,285.99,6.08,D
-8.97741,-69.27342,340.7,0.49,0.49,2026-09-17,1754,N,VIIRS,n,2.0NRT,287.09,6.77,D
-8.97731,-71.58378,332.98,0.35,0.57,2026-09-17,1754,N,VIIRS,n,2.0NRT,288.28,2.28,D
-8.9769,-71.58058,326.32,0.35,0.57,2026-09-17,1754,N,VIIRS,n,2.0NRT,288.05,2.28,D
-8.97289,-69.274,336.55,0.49,0.49,2026-09-17,1754,N,VIIRS,n,2.0NRT,284.98,6.77,D
-8.86866,-71.35578,331.71,0.34,0.56,2026-09-17,1754,N,VIIRS,n,2.0NRT,288.96,12.84,D
-8.86666,-70.83289,325.72,0.63,0.54,2026-09-17,1754,N,VIIRS,n,2.0NRT,285.69,5.33,D
-8.86588,-70.82712,329.27,0.62,0.54,2026-09-17,1754,N,VIIRS,n,2.0NRT,285.15,5.33,D
-8.86509,-70.82134,336.07,0.62,0.54,2026-09-17,1754,N,VIIRS,n,2.0NRT,286.7,37.46,D
-8.8643,-70.81557,354.59,0.62,0.54,2026-09-17,1754,N,VIIRS,n,2.0NRT,290.29,37.46,D
-8.864,-68.84464,326.68,0.46,0.47,2026-09-17,1754,N,VIIRS,n,2.0NRT,281.18,3.47,D
-8.86385,-71.3595,343.14,0.34,0.56,2026-09-17,1754,N,VIIRS,n,2.0NRT,288.75,12.84,D
-8.86345,-71.35636,367,0.34,0.56,2026-09-17,1754,N,VIIRS,h,2.0NRT,293.04,12.84,D
-8.85929,-70.81617,344.44,0.62,0.54,2026-09-17,1754,N,VIIRS,n,2.0NRT,295.93,91.82,D
-8.85851,-70.81039,342.73,0.62,0.54,2026-09-17,1754,N,VIIRS,n,2.0NRT,286.48,78.93,D
-8.85502,-68.71441,329.83,0.45,0.47,2026-09-17,1754,N,VIIRS,n,2.0NRT,276.3,5.09,D
-8.85376,-71.24127,334.33,0.33,0.56,2026-09-17,1754,N,VIIRS,n,2.0NRT,290.42,2.38,D
-8.85231,-68.63097,332.9,0.45,0.47,2026-09-17,1754,N,VIIRS,n,2.0NRT,277.4,5.35,D
-8.84485,-68.7369,336.59,0.45,0.47,2026-09-17,1754,N,VIIRS,n,2.0NRT,276.51,4.92,D
-8.84429,-68.73274,334.42,0.45,0.47,2026-09-17,1754,N,VIIRS,n,2.0NRT,276.73,4.92,D
-8.84046,-68.83518,330.09,0.46,0.47,2026-09-17,1754,N,VIIRS,n,2.0NRT,280.76,7.25,D
-8.83992,-69.45348,339.02,0.5,0.49,2026-09-17,1754,N,VIIRS,n,2.0NRT,279.37,4.97,D
-8.83123,-71.06849,326.13,0.32,0.55,2026-09-17,1754,N,VIIRS,n,2.0NRT,290.88,3.35,D
-8.83077,-71.22562,325.66,0.33,0.55,2026-09-17,1754,N,VIIRS,n,2.0NRT,290.43,2.29,D
-8.82867,-71.2261,348.18,0.33,0.55,2026-09-17,1754,N,VIIRS,n,2.0NRT,290.86,4.76,D
-8.82757,-71.24142,325.58,0.33,0.56,2026-09-17,1754,N,VIIRS,n,2.0NRT,290.33,1.34,D
-8.82563,-71.2263,336.24,0.33,0.55,2026-09-17,1754,N,VIIRS,n,2.0NRT,290.25,2.29,D
-8.82557,-71.24187,326.45,0.33,0.55,2026-09-17,1754,N,VIIRS,n,2.0NRT,290.8,1.77,D
-8.80154,-71.02757,335.19,0.32,0.55,2026-09-17,1754,N,VIIRS,n,2.0NRT,291.4,3.43,D
-8.8004,-71.03028,340.43,0.32,0.55,2026-09-17,1754,N,VIIRS,n,2.0NRT,291.36,4.12,D
-8.80001,-71.0273,341.03,0.32,0.55,2026-09-17,1754,N,VIIRS,n,2.0NRT,291.57,6.3,D
-8.79648,-71.02831,329.59,0.32,0.55,2026-09-17,1754,N,VIIRS,n,2.0NRT,291.39,3.43,D
-8.79348,-71.91084,355.36,0.37,0.58,2026-09-17,1754,N,VIIRS,n,2.0NRT,288.16,4.53,D
-8.78613,-71.30016,342.38,0.34,0.56,2026-09-17,1754,N,VIIRS,n,2.0NRT,288.83,4.34,D
-8.77036,-68.90884,328,0.46,0.47,2026-09-17,1754,N,VIIRS,n,2.0NRT,289.75,39.29,D
-8.76978,-68.90461,342.18,0.46,0.47,2026-09-17,1754,N,VIIRS,n,2.0NRT,286.08,39.29,D
-8.75043,-69.65505,342.34,0.52,0.5,2026-09-17,1754,N,VIIRS,n,2.0NRT,276.13,17.87,D
-8.74282,-70.5861,336.17,0.6,0.53,2026-09-17,1754,N,VIIRS,n,2.0NRT,289.2,5.75,D
-8.74105,-70.58724,333.11,0.6,0.53,2026-09-17,1754,N,VIIRS,n,2.0NRT,288.25,4.19,D
-8.73804,-70.93862,354.34,0.63,0.54,2026-09-17,1754,N,VIIRS,n,2.0NRT,287.64,84.82,D
-8.68966,-69.61346,340.14,0.51,0.5,2026-09-17,1754,N,VIIRS,n,2.0NRT,271.48,12.69,D
-8.687,-71.55517,338.54,0.35,0.57,2026-09-17,1754,N,VIIRS,n,2.0NRT,290.34,4.23,D
-8.68658,-71.55196,329.85,0.35,0.57,2026-09-17,1754,N,VIIRS,n,2.0NRT,289.31,5.06,D
-8.67408,-70.17371,337.97,0.56,0.52,2026-09-17,1754,N,VIIRS,n,2.0NRT,286.51,5.33,D
-8.67337,-70.16858,333.36,0.56,0.51,2026-09-17,1754,N,VIIRS,n,2.0NRT,286.46,9.03,D
-8.66182,-71.60563,367,0.35,0.57,2026-09-17,1754,N,VIIRS,h,2.0NRT,291.18,12.26,D
-8.66168,-71.6078,339.83,0.35,0.57,2026-09-17,1754,N,VIIRS,n,2.0NRT,288.29,9.69,D
-8.66127,-71.60457,367,0.35,0.57,2026-09-17,1754,N,VIIRS,h,2.0NRT,292.27,9.69,D
-8.65652,-71.60612,356.87,0.35,0.57,2026-09-17,1754,N,VIIRS,l,2.0NRT,289.73,18.36,D
-8.65609,-71.60291,326.34,0.35,0.57,2026-09-17,1754,N,VIIRS,n,2.0NRT,289.72,13.43,D
-8.65538,-70.10853,343.87,0.55,0.51,2026-09-17,1754,N,VIIRS,n,2.0NRT,289.31,8.94,D
-8.65516,-71.63573,357.24,0.35,0.57,2026-09-17,1754,N,VIIRS,l,2.0NRT,289.05,9.88,D
-8.65472,-71.63249,346.23,0.35,0.57,2026-09-17,1754,N,VIIRS,n,2.0NRT,288.01,9.88,D
-8.65209,-70.67243,355.21,0.61,0.53,2026-09-17,1754,N,VIIRS,n,2.0NRT,281.69,26.89,D
-8.65168,-70.67493,337.81,0.61,0.53,2026-09-17,1754,N,VIIRS,n,2.0NRT,281.75,17.52,D
-8.65091,-70.66938,340.02,0.6,0.53,2026-09-17,1754,N,VIIRS,n,2.0NRT,281.53,19.43,D
-8.62897,-70.45808,336.64,0.59,0.53,2026-09-17,1754,N,VIIRS,n,2.0NRT,287.91,7.33,D
-8.62697,-70.46095,332.99,0.59,0.52,2026-09-17,1754,N,VIIRS,n,2.0NRT,287.64,6.67,D
-8.62001,-69.6825,333.82,0.52,0.5,2026-09-17,1754,N,VIIRS,n,2.0NRT,280.48,3.54,D
-8.61969,-69.68557,332.84,0.52,0.5,2026-09-17,1754,N,VIIRS,n,2.0NRT,280.81,8.48,D
-8.61653,-70.5148,340.94,0.59,0.53,2026-09-17,1754,N,VIIRS,n,2.0NRT,291.08,6.01,D
-8.61418,-70.51206,339.68,0.59,0.53,2026-09-17,1754,N,VIIRS,n,2.0NRT,290.41,11.78,D
-8.6055,-70.30692,352.27,0.57,0.52,2026-09-17,1754,N,VIIRS,n,2.0NRT,285.02,31.52,D
-8.60517,-70.51891,337.45,0.59,0.53,2026-09-17,1754,N,VIIRS,n,2.0NRT,292.35,43.74,D
-8.60451,-70.30968,325.27,0.57,0.52,2026-09-17,1754,N,VIIRS,n,2.0NRT,282.7,13.16,D
-8.60383,-70.30449,345.67,0.57,0.52,2026-09-17,1754,N,VIIRS,n,2.0NRT,284.05,27.97,D
-8.59697,-70.03394,337.05,0.55,0.51,2026-09-17,1754,N,VIIRS,n,2.0NRT,285.26,4.59,D
-8.59633,-69.81812,330.31,0.53,0.5,2026-09-17,1754,N,VIIRS,n,2.0NRT,283.65,3.85,D
-8.57084,-69.94639,346.85,0.54,0.51,2026-09-17,1754,N,VIIRS,n,2.0NRT,279.65,55.11,D
-8.56904,-70.8891,327.78,0.62,0.54,2026-09-17,1754,N,VIIRS,n,2.0NRT,289.15,5.2,D
-8.56872,-70.88727,328.54,0.63,0.54,2026-09-17,1754,N,VIIRS,n,2.0NRT,288.14,4.93,D
-8.534,-70.89396,326.98,0.62,0.54,2026-09-17,1754,N,VIIRS,n,2.0NRT,289.54,8.02,D
-8.53321,-70.88817,329.05,0.62,0.54,2026-09-17,1754,N,VIIRS,n,2.0NRT,289.95,9.31,D
-8.53284,-70.92315,336.45,0.63,0.54,2026-09-17,1754,N,VIIRS,n,2.0NRT,284.94,10.84,D
-8.53206,-70.91737,338.99,0.63,0.54,2026-09-17,1754,N,VIIRS,n,2.0NRT,290.02,10.84,D
-8.51933,-70.86074,340.13,0.62,0.54,2026-09-17,1754,N,VIIRS,n,2.0NRT,291.88,9.05,D
-8.517,-70.84347,341.95,0.62,0.54,2026-09-17,1754,N,VIIRS,n,2.0NRT,296.16,74.11,D
-8.51623,-70.83773,341.53,0.62,0.54,2026-09-17,1754,N,VIIRS,n,2.0NRT,292.08,74.11,D
-8.51201,-70.84414,345.63,0.62,0.54,2026-09-17,1754,N,VIIRS,n,2.0NRT,290.96,17.36,D
-8.50512,-70.86865,338.06,0.62,0.54,2026-09-17,1754,N,VIIRS,n,2.0NRT,290.62,20.45,D
-8.50013,-70.86935,353.59,0.62,0.54,2026-09-17,1754,N,VIIRS,n,2.0NRT,290.65,20.45,D
-8.49055,-70.83554,330.56,0.62,0.54,2026-09-17,1754,N,VIIRS,n,2.0NRT,290.93,4.99,D
-8.47694,-71.18213,331.56,0.33,0.55,2026-09-17,1754,N,VIIRS,n,2.0NRT,287.11,2.4,D
-8.4741,-70.59971,337.94,0.6,0.53,2026-09-17,1754,N,VIIRS,n,2.0NRT,283.21,6.61,D
-8.46992,-70.60575,327.78,0.6,0.53,2026-09-17,1754,N,VIIRS,n,2.0NRT,284.46,13.77,D
-8.46919,-70.60032,342.85,0.6,0.53,2026-09-17,1754,N,VIIRS,n,2.0NRT,285.58,33.25,D
-8.46463,-70.79283,343.25,0.61,0.54,2026-09-17,1754,N,VIIRS,n,2.0NRT,290.57,36.83,D
-8.46397,-70.78959,341.03,0.61,0.54,2026-09-17,1754,N,VIIRS,n,2.0NRT,291.92,12.56,D
-8.45979,-70.79585,337.65,0.61,0.54,2026-09-17,1754,N,VIIRS,n,2.0NRT,287.01,19.1,D
-8.45966,-70.79352,345.24,0.61,0.54,2026-09-17,1754,N,VIIRS,n,2.0NRT,291.43,36.83,D
-8.45901,-70.79028,343.41,0.61,0.54,2026-09-17,1754,N,VIIRS,n,2.0NRT,290.6,67.34,D
-8.45892,-70.78793,326.52,0.61,0.54,2026-09-17,1754,N,VIIRS,n,2.0NRT,289.89,36.83,D
-8.45797,-70.33488,336.82,0.57,0.52,2026-09-17,1754,N,VIIRS,n,2.0NRT,291.32,4.94,D
-8.45573,-71.17895,355.39,0.33,0.55,2026-09-17,1754,N,VIIRS,n,2.0NRT,289.04,6.25,D
-8.45533,-71.17593,340.62,0.33,0.55,2026-09-17,1754,N,VIIRS,n,2.0NRT,288.59,6.9,D
-8.45488,-71.40903,344.16,0.34,0.56,2026-09-17,1754,N,VIIRS,n,2.0NRT,288.62,6.57,D
-8.45448,-71.40598,331.91,0.34,0.56,2026-09-17,1754,N,VIIRS,n,2.0NRT,287.65,6.79,D
-8.44693,-70.32574,327.26,0.57,0.52,2026-09-17,1754,N,VIIRS,n,2.0NRT,290.93,6.78,D
-8.42518,-71.26267,337.25,0.33,0.55,2026-09-17,1754,N,VIIRS,n,2.0NRT,285.16,2.25,D
-8.40056,-70.09158,342.27,0.55,0.51,2026-09-17,1754,N,VIIRS,n,2.0NRT,287.83,9.43,D
-8.39583,-70.09225,345.57,0.55,0.51,2026-09-17,1754,N,VIIRS,n,2.0NRT,289.77,9.43,D
-8.36613,-70.81422,331,0.61,0.54,2026-09-17,1754,N,VIIRS,n,2.0NRT,290.27,5.2,D
-8.36551,-70.81626,325.97,0.61,0.54,2026-09-17,1754,N,VIIRS,n,2.0NRT,289.11,3.36,D
-8.23439,-71.11992,334.89,0.32,0.55,2026-09-17,1754,N,VIIRS,n,2.0NRT,280.67,2.18,D
-8.16261,-70.66405,341.38,0.6,0.53,2026-09-17,1754,N,VIIRS,n,2.0NRT,291.63,18.97,D
-8.15841,-69.85048,328.48,0.52,0.5,2026-09-17,1754,N,VIIRS,n,2.0NRT,282.59,2.65,D
-8.12151,-71.38715,344.54,0.33,0.56,2026-09-17,1754,N,VIIRS,n,2.0NRT,281.88,8.76,D
-8.12111,-71.38418,356.8,0.33,0.55,2026-09-17,1754,N,VIIRS,l,2.0NRT,283.25,14.7,D
-8.10493,-70.13387,333.17,0.55,0.51,2026-09-17,1754,N,VIIRS,n,2.0NRT,278.03,3.38,D
-8.10219,-70.11399,351.29,0.55,0.51,2026-09-17,1754,N,VIIRS,n,2.0NRT,282.7,20.27,D
-8.1015,-70.10902,340.91,0.54,0.51,2026-09-17,1754,N,VIIRS,n,2.0NRT,280.93,13.26,D
-8.09336,-71.29213,325.56,0.33,0.55,2026-09-17,1754,N,VIIRS,n,2.0NRT,286.14,1.7,D
-8.08438,-70.33938,326.49,0.56,0.52,2026-09-17,1754,N,VIIRS,n,2.0NRT,283.1,3.52,D
-8.08411,-70.33677,325.99,0.56,0.52,2026-09-17,1754,N,VIIRS,n,2.0NRT,281.66,2.75,D
-8.07291,-70.82978,338.11,0.61,0.53,2026-09-17,1754,N,VIIRS,n,2.0NRT,289.61,7.08,D
-8.05381,-70.83781,329.89,0.61,0.53,2026-09-17,1754,N,VIIRS,n,2.0NRT,288.09,6.2,D
-8.05307,-70.83227,340.03,0.61,0.53,2026-09-17,1754,N,VIIRS,n,2.0NRT,289.65,9.29,D
-8.03626,-71.15665,352.01,0.32,0.55,2026-09-17,1754,N,VIIRS,n,2.0NRT,289.16,14.63,D
-8.03586,-71.15372,356.74,0.32,0.55,2026-09-17,1754,N,VIIRS,l,2.0NRT,289.33,18.22,D
-8.03106,-70.66764,353.8,0.59,0.53,2026-09-17,1754,N,VIIRS,n,2.0NRT,291.45,15.21,D
-8.02617,-70.6683,353.48,0.59,0.53,2026-09-17,1754,N,VIIRS,n,2.0NRT,289.95,15.21,D
-8.01967,-71.22499,326.38,0.32,0.55,2026-09-17,1754,N,VIIRS,n,2.0NRT,285.95,1.35,D
-7.99602,-70.60891,325.94,0.59,0.53,2026-09-17,1754,N,VIIRS,n,2.0NRT,290.53,20.88,D
-7.99527,-70.60352,341.66,0.59,0.53,2026-09-17,1754,N,VIIRS,n,2.0NRT,291.12,28.22,D
-7.9931,-70.60654,346.82,0.59,0.53,2026-09-17,1754,N,VIIRS,n,2.0NRT,293.92,71.87,D
-7.99039,-70.60409,341.78,0.59,0.53,2026-09-17,1754,N,VIIRS,n,2.0NRT,289.49,28.22,D
-7.98269,-70.23589,341.74,0.55,0.51,2026-09-17,1754,N,VIIRS,n,2.0NRT,279.08,10.68,D
-7.97794,-70.23655,344.83,0.55,0.51,2026-09-17,1754,N,VIIRS,n,2.0NRT,277.26,10.68,D
-7.95555,-70.60329,352.13,0.59,0.53,2026-09-17,1754,N,VIIRS,n,2.0NRT,289.64,11.88,D
-7.8861,-70.09914,330.25,0.54,0.51,2026-09-17,1754,N,VIIRS,n,2.0NRT,283.59,4.9,D
-7.86377,-69.9379,355.86,0.53,0.5,2026-09-17,1754,N,VIIRS,n,2.0NRT,284.31,31.9,D
-7.82122,-70.00806,354.1,0.53,0.5,2026-09-17,1754,N,VIIRS,n,2.0NRT,284.74,11.39,D
-7.81879,-70.011,335.95,0.53,0.5,2026-09-17,1754,N,VIIRS,n,2.0NRT,285.59,12.58,D
-7.8181,-70.00612,357.34,0.53,0.5,2026-09-17,1754,N,VIIRS,l,2.0NRT,286.72,12.58,D
-7.81656,-70.00871,338.59,0.53,0.5,2026-09-17,1754,N,VIIRS,n,2.0NRT,285.59,6.95,D
-7.8159,-70.00384,340.65,0.53,0.5,2026-09-17,1754,N,VIIRS,n,2.0NRT,285.53,7.78,D
-7.58117,-70.01376,325.69,0.53,0.5,2026-09-17,1754,N,VIIRS,n,2.0NRT,276.54,6.57,D
-7.57652,-70.01437,346.72,0.53,0.5,2026-09-17,1754,N,VIIRS,n,2.0NRT,274.65,6.57,D
-7.54124,-69.93117,341.74,0.52,0.5,2026-09-17,1754,N,VIIRS,n,2.0NRT,282.32,45.3,D
-7.54058,-69.92641,349.71,0.52,0.5,2026-09-17,1754,N,VIIRS,n,2.0NRT,290.35,59.08,D
-7.53663,-69.93185,350.29,0.52,0.5,2026-09-17,1754,N,VIIRS,n,2.0NRT,279.39,45.3,D
-7.53597,-69.92709,343.93,0.52,0.5,2026-09-17,1754,N,VIIRS,n,2.0NRT,282.71,59.08,D
-7.42694,-73.25306,337.09,0.44,0.62,2026-09-17,1754,N,VIIRS,n,2.0NRT,285.27,7.87,D
-7.42641,-73.24902,357.42,0.44,0.62,2026-09-17,1754,N,VIIRS,l,2.0NRT,286.66,7.87,D
-7.42117,-73.25393,337.34,0.44,0.62,2026-09-17,1754,N,VIIRS,n,2.0NRT,284.56,7.87,D
-7.42064,-73.24989,356.67,0.44,0.62,2026-09-17,1754,N,VIIRS,l,2.0NRT,285.82,7.87,D
-7.39167,-73.29871,331.7,0.44,0.62,2026-09-17,1754,N,VIIRS,n,2.0NRT,287.36,6.1,D
-7.39133,-73.29856,337.94,0.44,0.62,2026-09-17,1754,N,VIIRS,n,2.0NRT,287.36,5.52,D
-6.93027,-69.78878,325.27,0.5,0.49,2026-09-17,1754,N,VIIRS,n,2.0NRT,286.1,3.16,D
-6.92889,-69.78768,326.97,0.5,0.49,2026-09-17,1754,N,VIIRS,n,2.0NRT,286.48,3.92,D
-0.56902,-69.66332,340.03,0.4,0.44,2026-09-17,1756,N,VIIRS,n,2.0NRT,292.53,5.3,D
-0.56582,-69.66352,339.36,0.4,0.44,2026-09-17,1756,N,VIIRS,n,2.0NRT,291.64,4.6,D
-0.3013,-78.41315,327.53,0.77,0.77,2026-09-17,1756,N,VIIRS,n,2.0NRT,292.17,4.59,D
-0.07428,-78.49526,337.66,0.78,0.78,2026-09-17,1756,N,VIIRS,n,2.0NRT,288.93,18.53,D
-0.07332,-78.48925,367,0.78,0.78,2026-09-17,1756,N,VIIRS,h,2.0NRT,292.17,19.28,D
-0.07241,-78.48353,332.16,0.77,0.78,2026-09-17,1756,N,VIIRS,n,2.0NRT,288.98,19.28,D
-0.06762,-78.49966,327.57,0.78,0.78,2026-09-17,1756,N,VIIRS,n,2.0NRT,285.63,29.42,D
-0.06664,-78.49353,367,0.78,0.78,2026-09-17,1756,N,VIIRS,h,2.0NRT,292.48,29.42,D
-0.06566,-78.48731,352.74,0.78,0.78,2026-09-17,1756,N,VIIRS,n,2.0NRT,305.72,86.09,D
-0.06479,-78.48188,367,0.77,0.78,2026-09-17,1756,N,VIIRS,h,2.0NRT,297.42,86.09,D
-0.06396,-78.47664,356.93,0.77,0.78,2026-09-17,1756,N,VIIRS,n,2.0NRT,289.19,62.16,D
-0.05891,-78.49115,367,0.78,0.78,2026-09-17,1756,N,VIIRS,h,2.0NRT,290.36,29.42,D
-0.05792,-78.48488,335.82,0.78,0.78,2026-09-17,1756,N,VIIRS,n,2.0NRT,282.75,86.09,D
-13.67641,-76.02082,345.95,0.46,0.63,2026-09-17,1932,N,VIIRS,n,2.0NRT,298.56,4.51,D
-13.67405,-76.02039,339.59,0.46,0.63,2026-09-17,1932,N,VIIRS,n,2.0NRT,298.32,4.82,D
-13.66725,-76.00555,330.37,0.46,0.63,2026-09-17,1932,N,VIIRS,n,2.0NRT,297.62,1.5,D
-13.06884,-76.24135,336.64,0.45,0.63,2026-09-17,1934,N,VIIRS,n,2.0NRT,302.45,3.34,D
-10.2658,-76.57309,331.09,0.49,0.65,2026-09-17,1934,N,VIIRS,n,2.0NRT,288.38,4.72,D
-9.83521,-76.76926,337.59,0.49,0.65,2026-09-17,1934,N,VIIRS,n,2.0NRT,301.77,13.68,D
-9.83451,-76.76558,367,0.49,0.65,2026-09-17,1934,N,VIIRS,h,2.0NRT,305.38,25.64,D
-9.57831,-76.83928,339.91,0.49,0.65,2026-09-17,1934,N,VIIRS,n,2.0NRT,302.93,7.08,D
-9.55764,-77.4469,335.74,0.44,0.63,2026-09-17,1934,N,VIIRS,n,2.0NRT,302.32,6.77,D
-9.55754,-77.44899,350.12,0.44,0.63,2026-09-17,1934,N,VIIRS,n,2.0NRT,305.33,9.41,D
-9.45793,-78.23067,331.86,0.39,0.59,2026-09-17,1934,N,VIIRS,n,2.0NRT,297.3,0.65,D
-9.12888,-77.70766,367,0.43,0.62,2026-09-17,1934,N,VIIRS,h,2.0NRT,301.53,10.11,D
-9.0696,-78.55215,333.7,0.38,0.59,2026-09-17,1934,N,VIIRS,n,2.0NRT,296.47,2.05,D
-8.94836,-78.08083,354.13,0.41,0.61,2026-09-17,1934,N,VIIRS,n,2.0NRT,303.94,7,D
-8.94781,-78.07789,340.48,0.41,0.61,2026-09-17,1934,N,VIIRS,n,2.0NRT,301.9,7,D
-8.89283,-77.81567,345.03,0.43,0.62,2026-09-17,1934,N,VIIRS,n,2.0NRT,309.75,5.37,D
-8.89165,-77.81631,349.81,0.43,0.62,2026-09-17,1934,N,VIIRS,n,2.0NRT,309.72,5.54,D
-8.5241,-78.7937,333.94,0.37,0.58,2026-09-17,1934,N,VIIRS,n,2.0NRT,296.18,1.91,D
-8.52068,-78.79305,334.94,0.37,0.58,2026-09-17,1934,N,VIIRS,n,2.0NRT,294.36,2.29,D
-8.30274,-74.6712,340.98,0.7,0.75,2026-09-17,1934,N,VIIRS,n,2.0NRT,284.68,7.03,D
-8.30025,-74.66817,353.13,0.7,0.75,2026-09-17,1934,N,VIIRS,n,2.0NRT,285,20.9,D
-8.29579,-74.67248,350.45,0.7,0.75,2026-09-17,1934,N,VIIRS,n,2.0NRT,284.08,8.96,D
-8.22947,-76.59833,338.19,0.53,0.67,2026-09-17,1934,N,VIIRS,n,2.0NRT,291.86,4.1,D
-8.12089,-78.15775,334.12,0.42,0.61,2026-09-17,1934,N,VIIRS,l,2.0NRT,305.86,5.44,D
-8.11592,-78.1624,331.22,0.42,0.61,2026-09-17,1934,N,VIIRS,l,2.0NRT,304.68,5.44,D
-8.11527,-78.15883,345.11,0.42,0.61,2026-09-17,1934,N,VIIRS,n,2.0NRT,305.52,5.44,D
-7.60735,-78.41242,367,0.41,0.61,2026-09-17,1934,N,VIIRS,h,2.0NRT,292.27,7.55,D
-7.60652,-78.40791,335.84,0.41,0.61,2026-09-17,1934,N,VIIRS,n,2.0NRT,293.18,7.55,D
-7.59813,-78.41369,330.64,0.41,0.61,2026-09-17,1934,N,VIIRS,n,2.0NRT,290.57,2.19,D
-7.46847,-77.88348,367,0.45,0.63,2026-09-17,1934,N,VIIRS,h,2.0NRT,297.4,15.95,D
-7.05481,-79.6687,367,0.34,0.56,2026-09-17,1934,N,VIIRS,h,2.0NRT,293.29,4.82,D
-7.05468,-79.66773,348.65,0.34,0.56,2026-09-17,1934,N,VIIRS,n,2.0NRT,292.89,4.91,D
-7.01922,-78.49654,347.34,0.42,0.61,2026-09-17,1934,N,VIIRS,n,2.0NRT,294.06,10.18,D
-6.81976,-79.61288,335.73,0.35,0.57,2026-09-17,1934,N,VIIRS,n,2.0NRT,293.2,1.63,D
-6.59559,-79.38515,339.63,0.37,0.58,2026-09-17,1934,N,VIIRS,n,2.0NRT,293.44,2.76,D
-6.59315,-79.38597,348.78,0.37,0.58,2026-09-17,1934,N,VIIRS,n,2.0NRT,293.22,3.75,D
-6.49701,-78.80256,367,0.4,0.6,2026-09-17,1934,N,VIIRS,h,2.0NRT,299.59,12.49,D
-6.49322,-78.80344,343.48,0.4,0.6,2026-09-17,1934,N,VIIRS,n,2.0NRT,295.08,6.67,D
-5.01168,-80.56761,337.27,0.32,0.55,2026-09-17,1936,N,VIIRS,n,2.0NRT,296.89,2.82,D
-4.99465,-80.2791,337.62,0.34,0.56,2026-09-17,1936,N,VIIRS,n,2.0NRT,296.63,3.05,D
-4.09936,-80.22092,330.87,0.35,0.57,2026-09-17,1936,N,VIIRS,n,2.0NRT,295.5,1.53,D
-4.09109,-80.3635,334.39,0.35,0.56,2026-09-17,1936,N,VIIRS,n,2.0NRT,295.35,2.86,D
-3.80264,-79.99328,341.93,0.37,0.58,2026-09-17,1936,N,VIIRS,n,2.0NRT,292.64,4.46,D
-3.45306,-79.17705,329.84,0.43,0.62,2026-09-17,1936,N,VIIRS,n,2.0NRT,276.37,6.7,D
-2.30048,-80.89029,345.08,0.34,0.56,2026-09-17,1936,N,VIIRS,n,2.0NRT,290.63,3.9,D
-2.28954,-80.58591,334.51,0.36,0.57,2026-09-17,1936,N,VIIRS,n,2.0NRT,293.59,3.89,D
-2.28788,-80.58698,334.51,0.36,0.57,2026-09-17,1936,N,VIIRS,n,2.0NRT,293.91,2.9,D
-2.23035,-79.72316,336.2,0.41,0.61,2026-09-17,1936,N,VIIRS,n,2.0NRT,276.37,4.13,D
-1.92828,-79.94344,333.52,0.4,0.6,2026-09-17,1936,N,VIIRS,n,2.0NRT,285.35,5.41,D
-1.89624,-80.37741,338.03,0.38,0.58,2026-09-17,1936,N,VIIRS,n,2.0NRT,294.59,7.26,D
-1.89567,-80.37383,367,0.38,0.58,2026-09-17,1936,N,VIIRS,h,2.0NRT,294.67,11.44,D
-1.805,-80.32907,337.59,0.38,0.59,2026-09-17,1936,N,VIIRS,n,2.0NRT,293.28,4.65,D
-1.8038,-80.32841,335.86,0.38,0.59,2026-09-17,1936,N,VIIRS,n,2.0NRT,292.89,6.13,D
-1.79958,-80.33,339.07,0.38,0.59,2026-09-17,1936,N,VIIRS,n,2.0NRT,291.69,4.65,D
-1.79838,-80.32935,340.86,0.38,0.59,2026-09-17,1936,N,VIIRS,n,2.0NRT,292.01,3.8,D
-1.74858,-79.38177,330.62,0.44,0.62,2026-09-17,1936,N,VIIRS,n,2.0NRT,288.31,3.72,D
-1.74442,-80.44201,340.06,0.37,0.58,2026-09-17,1936,N,VIIRS,n,2.0NRT,293.76,8.18,D
-1.47801,-79.54568,333.62,0.43,0.62,2026-09-17,1936,N,VIIRS,n,2.0NRT,283.98,4.72,D
-1.25126,-80.77155,355.1,0.36,0.57,2026-09-17,1936,N,VIIRS,n,2.0NRT,292.18,8.96,D
-0.28218,-80.37966,334.78,0.4,0.6,2026-09-17,1936,N,VIIRS,n,2.0NRT,290.06,3.2,D
-0.26867,-80.3298,336.14,0.4,0.6,2026-09-17,1936,N,VIIRS,n,2.0NRT,290.02,3.38,D
-0.26689,-80.3185,333.03,0.4,0.6,2026-09-17,1936,N,VIIRS,n,2.0NRT,290.03,3.11,D
-0.26308,-80.33052,333.8,0.4,0.6,2026-09-17,1936,N,VIIRS,n,2.0NRT,288.88,3.38,D
-0.24474,-76.65614,328.5,0.71,0.75,2026-09-17,1936,N,VIIRS,n,2.0NRT,287.64,4.92,D
-0.10911,-78.2963,330.63,0.56,0.69,2026-09-17,1936,N,VIIRS,n,2.0NRT,293.85,11.66,D
-0.10839,-78.29188,367,0.56,0.69,2026-09-17,1936,N,VIIRS,h,2.0NRT,295.12,11.66,D
-0.10656,-78.29495,367,0.56,0.69,2026-09-17,1936,N,VIIRS,h,2.0NRT,297.04,12.6,D
-0.10588,-78.29053,342.33,0.56,0.69,2026-09-17,1936,N,VIIRS,n,2.0NRT,293.3,12.6,D
-0.07201,-78.4872,346.16,0.54,0.68,2026-09-17,1936,N,VIIRS,n,2.0NRT,297.63,17.25,D
-0.071,-78.48082,367,0.54,0.68,2026-09-17,1936,N,VIIRS,h,2.0NRT,302.12,17.25,D
-0.06706,-78.4965,367,0.54,0.68,2026-09-17,1936,N,VIIRS,h,2.0NRT,296.06,32.13,D
-0.06619,-78.49101,344.67,0.54,0.68,2026-09-17,1936,N,VIIRS,n,2.0NRT,298.27,17.25,D
-0.06526,-78.48513,350.08,0.54,0.68,2026-09-17,1936,N,VIIRS,n,2.0NRT,303.21,17.25,D
-0.06419,-78.47842,334.95,0.54,0.68,2026-09-17,1936,N,VIIRS,n,2.0NRT,304.26,28.15,D
-0.06033,-78.49455,352.3,0.54,0.68,2026-09-17,1936,N,VIIRS,n,2.0NRT,302.37,35.46,D
-0.05952,-78.48946,348.79,0.54,0.68,2026-09-17,1936,N,VIIRS,n,2.0NRT,295.08,35.46,D
-0.05281,-78.48772,353.53,0.54,0.68,2026-09-17,1936,N,VIIRS,n,2.0NRT,302.23,32.29,D
-0.05188,-78.48189,367,0.54,0.68,2026-09-17,1936,N,VIIRS,h,2.0NRT,301.64,32.29,D
-0.04598,-78.48516,357.45,0.54,0.68,2026-09-17,1936,N,VIIRS,l,2.0NRT,284.43,30.45,D
-0.0452,-78.48033,355.98,0.54,0.68,2026-09-17,1936,N,VIIRS,l,2.0NRT,285.45,18.69,D